Name,Personal_CIK,Company_CIK,Bio,Link,StockTicker,shares,SharePrice
Nguyen Dennis Luan Thuc,1511213,1817511,"Mr. Nguyen earned an MBA from The University of Chicago Booth School of Business; a MA in International Studies from The Johns Hopkins University School of Advanced International Studies; a Juris Doctor from the University of Minnesota Law School; and a BA-Economics/BA-Chinese Literature from the University of California, Irvine.",https://www.sec.gov/Archives/edgar/data/1817511/000114036123025121/ny20008932x1_def14a.htm,SOPA,5658100.0,7.11
Noblett Karen,1756240,1603756,"Dr. Noblett holds a B.A. in Biology from California State University, Fresno, an M.D. from the University of California, Irvine, and an M.S. in Research from the University of California, San Diego.",https://www.sec.gov/Archives/edgar/data/1603756/000160375623000031/axnx-20230501.htm,AXNX,45716.0,67.65
None_Name0,None_CIK0,1698538,"Mr. Chappell graduated with a B.A. in Political Science and Business Administration from the University of California, Los Angeles, has an MBA from the University of California, Irvine, and has a Master of Aging ServicesManagement from the University of Southern California.18STOCK OWNERSHIPBeneficial Ownership of the Company’s",https://www.sec.gov/Archives/edgar/data/1698538/000119312523100380/d462666ddef14a.htm,non_ticker,0.0,non_stock_price
None_Name1,None_CIK1,1698538,"Mr. Muzzy graduated with a B.A. in Social Ecology from the University of California, Irvine, and has an MBA from Pepperdine University.",https://www.sec.gov/Archives/edgar/data/1698538/000119312524094554/d825736ddef14a.htm,non_ticker,0.0,non_stock_price
Muzzy Stephen G,1672796,1852575,"Mr. Muzzy graduated with aB.A. in Social Ecology from the University of California, Irvine, and has an MBA from Pepperdine University.  ",https://www.sec.gov/Archives/edgar/data/1852575/000119312524091711/d811706ddef14a.htm,non_ticker,6250.0,non_stock_price
None_Name2,None_CIK2,1852575,"Mr. Look holds a B.S. in Computer Science from the University of California, Irvineand a J.D. from the Pepperdine University School of Law.",https://www.sec.gov/Archives/edgar/data/1852575/000119312523095400/d494730ddef14a.htm,non_ticker,0.0,non_stock_price
None_Name3,None_CIK3,1819576,"Dr. Saggar received a B.S. degree and a M.D. degree from the University of California, Irvine.",https://www.sec.gov/Archives/edgar/data/1819576/000110465923053124/tm232005-2_def14a.htm,non_ticker,0.0,non_stock_price
None_Name4,None_CIK4,1819576,"Dr. Saggar received a B.S. degree and a M.D. degree from the University of California, Irvine.",https://www.sec.gov/Archives/edgar/data/1819576/000110465924054100/tm242791-4_def14a.htm,non_ticker,0.0,non_stock_price
KRAMER DESIREE AMBER,1828260,1821160,"Ms. Kramer holds a Bachelor of Business Administration in finance from Texas Christian University and a Master of Business Administration from the University of California, Irvine.",https://www.sec.gov/Archives/edgar/data/1821160/000182116023000026/ghld-def14aproxy2023.htm,GHLD,230706.0,13.51
Emerson Jane,1398437,73290,"From1994 to 2009, Dr. Emerson was on the faculty of the University of California, Irvine School of Medicines where she served as Chief ofClinical Pathology, and from 2000 to 2009, she served as the Vice Chair for Clinical Programs, Department of Pathology, and LaboratoryMedicine.",https://www.sec.gov/Archives/edgar/data/73290/000149315223034447/formdef14a.htm,BMRA,0.0,1.00
None_Name5,None_CIK5,1274737,"Dr. Kahn has a Ph.D. in Theoretical Organic Chemistry from the University of California, Irvine and was a Fellow Commoner of Churchill College at the University of Cambridge in England.",https://www.sec.gov/Archives/edgar/data/1274737/000127473724000028/a2024def14aproxystatement.htm,non_ticker,0.0,non_stock_price
Nova Tina Susan,1302605,1274737,"Dr. Nova holds a B.S. in Biological Sciences from the University of California, Irvine and a Ph.D. in Biochemistry from the University of California, Riverside.",https://www.sec.gov/Archives/edgar/data/1274737/000127473723000034/a2023def14aproxystatement.htm,XGN,6069.0,2.14
Dean Robert E,1300695,814083,"Mr. Dean holds a Bachelor of Arts degree from the University of California, Irvine and a Juris Doctor degree from the University of Minnesota Law School.",https://www.sec.gov/Archives/edgar/data/814083/000139834424004621/fp0087341-1_def14a.htm,CLM,31225.0,7.35
None_Name6,None_CIK6,1654595,Mr. Kavanaugh received his B.S. in Information and Computer Science from the University of California Irvine in 1985 and his MBA from Pepperdine University in 2003.,https://www.sec.gov/Archives/edgar/data/1654595/000110465923093698/tm2322683-1_def14a.htm,non_ticker,0.0,non_stock_price
None_Name7,None_CIK7,1654595,Mr. Kavanaugh received his B.S. in Information and Computer Science from the University of California Irvine in 1985 and his MBA from Pepperdine University in 2003.,https://www.sec.gov/Archives/edgar/data/1654595/000110465923093698/tm2322683-1_def14a.htm,non_ticker,0.0,non_stock_price
None_Name8,None_CIK8,880242,,https://www.sec.gov/Archives/edgar/data/880242/000143774923010809/blgo20230418_def14a.htm,non_ticker,0.0,non_stock_price
None_Name9,None_CIK9,880242,,https://www.sec.gov/Archives/edgar/data/880242/000143774924013406/blgo20240426c_def14a.htm,non_ticker,0.0,non_stock_price
THEUER CHARLES,1631338,1260990,"Dr. Theuer received a B.S. from the Massachusetts Institute of Technology, an M.D. from the University of California, San Francisco, and a Ph.D. from the8University of California, Irvine.",https://www.sec.gov/Archives/edgar/data/1260990/000095017024049135/onct_proxy_2024.htm,ONCT,402917.0,9.10
None_Name10,None_CIK10,832480,April Holds an Oxford Diploma in Strategy & Innovation and a BS in ComputerScience from UC Irvine.,https://www.sec.gov/Archives/edgar/data/832480/000083248023000015/2023utgproxy.htm,non_ticker,0.0,non_stock_price
None_Name11,None_CIK11,1873835,"He has also held visiting positions at UC Irvine, National Taiwan Chengchi University, Kyoto University and Tsinghua University.",https://www.sec.gov/Archives/edgar/data/1873835/000149315223013537/formdef-14a.htm,non_ticker,0.0,non_stock_price
BUCHAN JANE,1342502,1873835,"She is a Trustee of Reed College, Portland, Oregonand University of California Irvine Foundation.",https://www.sec.gov/Archives/edgar/data/1873835/000149315223013537/formdef-14a.htm,IMMX,21332.0,2.52
None_Name12,None_CIK12,1873835,"He has also held visiting positions at UC Irvine,National Taiwan Chengchi University, Kyoto University and Tsinghua University.",https://www.sec.gov/Archives/edgar/data/1873835/000149315224017060/formdef14a.htm,non_ticker,0.0,non_stock_price
Sentovich Kimberly C.,1766095,1394056,"Ms. Sentovich obtained her MBA from The Paul Merage School of Business, University of California, Irvine, and her B.A. in Philosophy and Political Science with a Minor in Economics from Bryn Mawr College.",https://www.sec.gov/Archives/edgar/data/1394056/000095017023013271/oss-2022-def14a.htm,OSS,48726.0,2.48
Messinger Gioia,1617998,1394056,"Ms. Messinger obtained her master of business administration degree from the Paul Merage School of Business at the University of California, Irvine and bachelor of science in Computer Engineering from the University of California, San Diego.  ",https://www.sec.gov/Archives/edgar/data/1394056/000095017023013271/oss-2022-def14a.htm,OSS,26790.0,2.66
Yakatan Seth,1318798,1374328,"Mr. Yakatan holds an M.B.A. in Finance from the University of California, Irvine, and a Bachelor of Arts in History and Public Affairs from the University of Denver.",https://www.sec.gov/Archives/edgar/data/1374328/000143774923018969/ftlf20230628_def14a.htm,FTLF,0.0,0.58
Kurtz Ronald M MD,1295469,1111485,"Dr. Kurtz has served on the faculty of both the University of California, Irvine, and the University of Michigan.",https://www.sec.gov/Archives/edgar/data/1111485/000095017023013694/2023_def14a_12312022.htm,RXST,764610.0,62.84
Thunen Shelley B,1297491,1111485,"Ms. Thunen received a B.A. in economics and an M.B.A. from the University of California, Irvine.",https://www.sec.gov/Archives/edgar/data/1111485/000095017023013694/2023_def14a_12312022.htm,RXST,23938.0,59.63
None_Name13,None_CIK13,1625941,,https://www.sec.gov/Archives/edgar/data/1625941/000110465923045101/tm232118-1_def14a.htm,non_ticker,0.0,non_stock_price
None_Name14,None_CIK14,1625941,,https://www.sec.gov/Archives/edgar/data/1625941/000110465924045865/tm242859-1_def14a.htm,non_ticker,0.0,non_stock_price
BAILEY DON M,1223697,876343,Mr. Bailey is a founding board member of the University of California Irvine’s (UCI) Applied Innovation Institute.,https://www.sec.gov/Archives/edgar/data/876343/000095017024049935/lctx_proxy_2024.htm,LCTX,158801.0,1.08
Bradford Tonya Williams,1824584,1462120,"Dr. Bradford is an associate professor of marketing at the University of California, Irvine where she conducts research regarding rituals, communities and identity across phenomenon including gifting (e.g., registry, organ, charitable), relationships with money, communities (e.g., tailgating and support), acculturation, and brand loyalty.",https://www.sec.gov/Archives/edgar/data/1462120/000146212023000026/lob-20230328.htm,LOB,0.0,33.76
None_Name15,None_CIK15,1574197,"Mr. Hunt currently serves on the boards of Glenair Corporation, Psomas and University of California, Irvine Foundation and is the former Chairman of CT Realty, and he formerly served as lead independent director at William Lyon Homes and on the board of Taylor Morrison Home Corporation.",https://www.sec.gov/Archives/edgar/data/1574197/000157419724000056/fph-20240412.htm,non_ticker,0.0,non_stock_price
Haddad Emile,1704042,1574197,"Mr. Haddad formerly served on the Board of Trustees at the University of California, Irvine Foundation and Claremont Graduate University, as well as the boards of directors of PBS (Public Broadcasting System)",https://www.sec.gov/Archives/edgar/data/1574197/000157419723000047/fph-20230428.htm,FPH,1253105.0,2.93
LEVRA CRAIG L,1053868,751365,"Mr. Levra received a bachelor’s and MBA degree from the University of Kansas, and a Certificate in Public Company Governance from the University of California, Irvine.",https://www.sec.gov/Archives/edgar/data/751365/000162828023016724/virc-20230509.htm,VIRC,105803.0,4.00
Farid Marjan,1952098,1479419,"Dr. Farid is also the founder of the Severe Ocular Surface Disease Center at the University of California Irvine, where she performs limbal stem cell transplants, as well as artificial corneal transplantation, for the treatment of patients with severe ocular surface disease.",https://www.sec.gov/Archives/edgar/data/1479419/000155837023003570/tmb-20230424xdef14a.htm,KALA,5292.0,14.71
None_Name16,None_CIK16,1606366,"He holds an undergraduate degree in economics and an MBA from the University of California, Irvine.",https://www.sec.gov/Archives/edgar/data/1606366/000160636623000012/loco-20230606xdef14a.htm,non_ticker,0.0,non_stock_price
None_Name17,None_CIK17,1606366,"He holds an undergraduate degree in economics and an MBA from the University of California, Irvine.",https://www.sec.gov/Archives/edgar/data/1606366/000160636624000020/loco-20240528xdef14a.htm,non_ticker,0.0,non_stock_price
None_Name18,None_CIK18,1466085,"Key Attributes, Experiences and Skills: Ms. del Rio was selected to serve on our Board primarily because of her extensive experience and prior service in the real estate industry and legal compliance at University of California, Irvine, School of Law and serves as president of the Board of Directors of Thomas House on the Board of Directors of Project Access, a nonprofit organization servicing the homeless and low-income in the community. ",https://www.sec.gov/Archives/edgar/data/1466085/000146608523000058/irt-20230321.htm,non_ticker,0.0,non_stock_price
del Rio Ana Marie,1548192,1466085,"Key Attributes, Experiences and Skills: Ms. del Rio was selected to serve on our Board primarily because of her extensive experience and prior service in the real estate industry and legal compliance at University of California, Irvine, School of Law and serves as president of the Board of Directors of Thomas House, a nonprofit organization servicing the homeless and low-income in the community. ",https://www.sec.gov/Archives/edgar/data/1466085/000146608524000043/irt-20240320.htm,IRT,65417.0,17.11
None_Name19,None_CIK19,1661458,"Mr. Shekell holds a Master of Business Administration from the University of California, Irvine, where he graduated first in his class, and a Bachelor of Science from Ball State University, where he majored in Accounting.",https://www.sec.gov/Archives/edgar/data/1661458/000166145823000015/def14a2022proxy-2023.htm,non_ticker,0.0,non_stock_price
None_Name20,None_CIK20,1661458,"Mr. Shekell holds a Master of Business Administration from the University of California, Irvine, where he graduated first in his class, and a Bachelor of Science from Ball State University, where he majored in Accounting.",https://www.sec.gov/Archives/edgar/data/1661458/000166145824000007/def14aproxy-2024.htm,non_ticker,0.0,non_stock_price
SOOD JASPREET K,1841115,1646188,"Ms. Sood holds an MBA with an emphasis in Technology Management from Pepperdine University and a bachelor’s degree in Economics from the University of California, Irvine.",https://www.sec.gov/Archives/edgar/data/1646188/000101376223000641/def14a0923_ondashold.htm,ONDS,81477.0,0.63
None_Name21,None_CIK21,885709,"Dean, The Paul Merage School of Business, University of California IrvineAll (20)NonePublished research — finance & economicsBoard service for charitable/ educational/nonprofit organizationsPh.",https://www.sec.gov/Archives/edgar/data/885709/000119312523236182/d524040ddef14a.htm,non_ticker,0.0,non_stock_price
MCRAE MATTHEW BLAKE,1654733,1736946,"He previously served on the board of directors of Dedicated Hosting Services, Inc., UC Irvine Institute for Innovation and the Leatherby Center for Entrepreneurship and Business Ethics at the Business School of Chapman University.  ",https://www.sec.gov/Archives/edgar/data/1736946/000114036124022448/ny20016146x1_def14a.htm,ARLO,2602388.0,13.41
None_Name22,None_CIK22,1800682,"Dr. Aguilar received his medical degree at the University of California, Irvine College of Medicine and completed his internship and residency in Internal Medicine at UC Irvine Medical Center and Long Beach Veterans Administration Medical Center.  ",https://www.sec.gov/Archives/edgar/data/1800682/000119312523149583/d458332ddef14a.htm,non_ticker,0.0,non_stock_price
SHELLEY-KESSLER PAMELA,1198423,1574540,Ms. Kessler is a founding member of the Women of the Dean’s Leadership Society at the UC Irvine School of Social Sciences.,https://www.sec.gov/Archives/edgar/data/1574540/000157454023000113/doc-20230323.htm,DOC,39650.0,18.32
None_Name23,None_CIK23,925528,"Mr. Gaglione received a B.S. in Chemistry from the State University of New York and an MBA in Marketing from the University of California, Irvine.",https://www.sec.gov/Archives/edgar/data/925528/000110465923050402/tm232002d2_def14a.htm,non_ticker,0.0,non_stock_price
Young Kendall K,1501198,1503707,Mr. Young holds a Bachelor of Arts degree in Business Administration from the University of Southern California and a Masters of Business Administration from the University of California Irvine.,https://www.sec.gov/Archives/edgar/data/1503707/000150370723000012/nshi-20230420.htm,NHHS,58090.0,non_stock_price
Margolin Richard A,1822761,1742927,"Dr. Margolin earned his AB from Harvard College and his MD from the University of California, Irvine and received research training at the National Institutes of Health.",https://www.sec.gov/Archives/edgar/data/1742927/000143774923027676/rvph20230927_def14a.htm,RVPH,0.0,5.49
None_Name24,None_CIK24,1531177,"Mr. Park holds a B.S. in Mechanical Engineering from the University of California, Irvine.",https://www.sec.gov/Archives/edgar/data/1531177/000114036123020618/ny20007999x1_def14a.htm,non_ticker,0.0,non_stock_price
None_Name25,None_CIK25,1531177,"Mr. Park holds a B.S. in Mechanical Engineering from the University of California, Irvine.",https://www.sec.gov/Archives/edgar/data/1531177/000114036124022158/ny20024323x1_def14a.htm,non_ticker,0.0,non_stock_price
LACOB JOSEPH,1215490,1528287,"Mr. Lacob earned a B.S. from the University of California, Irvine, an M.P.H. from the University of California, Los Angeles, and an M.B.A from the Stanford Graduate School of Business.",https://www.sec.gov/Archives/edgar/data/1528287/000114036124021062/ny20023787x1_def14a.htm,NPCE,133023.0,7.53
Velarde Jorge,1859016,1850906,"Mr. Velarde holds a B.S. in Molecular Biology and a minor in Chemistry from Loyola University, New Orleans and an M.B.A. from the University of California Irvine—Paul Merage School of Business.",https://www.sec.gov/Archives/edgar/data/1850906/000095017023012699/omic_14a_proxy_april_202.htm,OMIC,0.0,non_stock_price
Jenusaitis Matthew,1357864,1661053,"Mr. Jenusaitis has an MBA from the University of California, Irvine, aMasters Degree in Biomedical Engineering from Arizona State University, and a Bachelors Degree in Chemical Engineering from Cornell University.",https://www.sec.gov/Archives/edgar/data/1661053/000149315223039303/formdef14a.htm,NVNO,6925.0,3.73
Dutia Suren G,1514063,1506251,"He has served as a member of the advisory board of Center for DigitalTransformation, University of California, Irvine since May 2012.",https://www.sec.gov/Archives/edgar/data/1506251/000121390024006971/ea192072-def14a_citiuspharma.htm,CTXR,0.0,0.73
None_Name26,None_CIK26,1795815,"Ms. Merchant received her bachelor’s degree in Criminology, Law, and Society from the University of California, Irvine, and both her Juris Doctorate and master’s in Business Administration degree from the University of Connecticut.  ",https://www.sec.gov/Archives/edgar/data/1795815/000179581523000006/bcal2023proxystatement.htm,non_ticker,0.0,non_stock_price
None_Name27,None_CIK27,1795815,"Ms. Merchant received her bachelor’s degree in Criminology, Law, and Society from the University of California, Irvine, and both her Juris Doctorate and Master’s in Business Administration degree from the University of Connecticut.  ",https://www.sec.gov/Archives/edgar/data/1795815/000179581524000004/bcal2024proxystatement.htm,non_ticker,0.0,non_stock_price
KELLER ULRICH E. JR,1594279,1413837,Mr. Keller served as a Trustee of the University of California Irvine (“UCI”) for 15 years.,https://www.sec.gov/Archives/edgar/data/1413837/000110465924048756/tm247956d2_def14a.htm,FFWM,21675.0,7.29
Gupta Pramod,1857927,1766140,"Dr. Gupta previously servedon the board of directors of the Beall Center for Innovation and Entrepreneurship at the University of California Irvine, Paul MerageSchool of Business.",https://www.sec.gov/Archives/edgar/data/1766140/000121390024036716/ea0204514-def14a_unicyc.htm,UNCY,41845.0,1.15
None_Name28,None_CIK28,1297996,"Afshin MohebbiAge 60Director since: 2016Committees:•   Audit(Chair)Skills and Expertise:•   Finance•   Telecommunications•   Technology•   InternationalEducation:•   BS –UC Irvine•   MBA –UC IrvineQualifications:Our Board selected Mr. Mohebbi to serve as a director becauseit believes he possesses valuable financial and industry experience in the telecommunications industry, including extensive experienceworking with and leading companies in the telecommunications industry.",https://www.sec.gov/Archives/edgar/data/1297996/000130817923000815/ldlr2023_def14a.htm,non_ticker,0.0,non_stock_price
None_Name29,None_CIK29,1297996,"Afshin MohebbiAge: 61Director since: 2016Committees:•   AuditCommittee (Chair)•   CompensationCommitteeSkills and Expertise:•   Finance•   Telecommunications•   Technology•   InternationalEducation:•   BS- UC Irvine•   MBA- UC IrvineQualifications:Our Board selected Mr. Mohebbi to serve as a director because itbelieves he possesses valuable financial and industry experience in the telecommunications industry, including extensiveexperience working with and leading companies in the telecommunications industry.",https://www.sec.gov/Archives/edgar/data/1297996/000130817924000607/ldlr2024_def14a.htm,non_ticker,0.0,non_stock_price
None_Name30,None_CIK30,1282631,,https://www.sec.gov/Archives/edgar/data/1282631/000155837023011644/nlst-20230816xdef14a.htm,non_ticker,0.0,non_stock_price
Aynechi Tiba,1669220,1683553,"She received her B.S. in physics from the University of California, Irvine.",https://www.sec.gov/Archives/edgar/data/1683553/000095017024042270/sprb-def14a-2024.htm,SPRB,0.0,0.70
None_Name31,None_CIK31,1327978,,https://www.sec.gov/Archives/edgar/data/1327978/000110465923045091/tm232126-1_def14a.htm,non_ticker,0.0,non_stock_price
None_Name32,None_CIK32,1327978,,https://www.sec.gov/Archives/edgar/data/1327978/000110465924045861/tm2411296-1_def14a.htm,non_ticker,0.0,non_stock_price
Whitfield Dianne C.,1839516,1819790,"Ms. Whitfield earned her Bachelor of Arts degree in Psychology and Social Behavior from the University of California, Irvine and a Master’s degree in Social Work from California State University, Long Beach.",https://www.sec.gov/Archives/edgar/data/1819790/000181979024000056/tarsuspharmaceuticalsincpr.htm,TARS,38495.0,31.52
YERXA BENJAMIN R,1145910,1539029,"Dr. Yerxa received a B.A. in chemistry from the University of California, San Diego and a Ph.D. in organic chemistry from the University of California, Irvine.",https://www.sec.gov/Archives/edgar/data/1539029/000119312523124528/d400098ddef14a.htm,CLSD,17957.0,1.32
Nguyen Timothy,1861258,1834494,"Mr. Nguyen holds a B.S. in computer science from the University of California, Irvine.",https://www.sec.gov/Archives/edgar/data/1834494/000183449423000046/a2023proxystatement.htm,MLNK,1014526.0,18.96
Podnos Yale,1891104,1799191,"Dr. Podnos received his MD from the University of California, Irvine School of Medicine, where he also completed his residency in general surgery.",https://www.sec.gov/Archives/edgar/data/1799191/000119312523127373/d467988ddef14a.htm,TOI,104368.0,0.55
ROBIN HOWARD W,1206869,906709,"Mr. Ajer received both a B.S. in chemistry and an M.B.A. from the University of California, Irvine.",https://www.sec.gov/Archives/edgar/data/906709/000114036124022440/ny20022201x1_def14a.htm,NKTR,863239.0,1.75
None_Name33,None_CIK33,906709,,https://www.sec.gov/Archives/edgar/data/906709/000114036123021580/ny20008281x1_def14a.htm,non_ticker,0.0,non_stock_price
None_Name34,None_CIK34,1028918,"Aames Investment/Financial Corp​•Served in various capacities with KeyCorp, a $60 billion financial institution, including the following:​➢Executive Vice President Group Finance, KeyCorp​➢Executive Vice President, Treasurer and Chief Financial Officer, KeyBank USA​➢Vice President of Corporate Treasury, KeyBank USA​•Various financial and accounting roles at HSBC-Marine Midland Banks​​24TABLE OF CONTENTSMichael S. Karr​​​​Age: 54Year of Hire: 2006Senior Executive Vice President and Chief Risk Officer of the BankB.A., cum laude, Claremont McKenna CollegeM.B.A., University of California, Irvine​​Mr. ",https://www.sec.gov/Archives/edgar/data/1028918/000110465923043286/tm233450d3_def14a.htm,non_ticker,0.0,non_stock_price
None_Name35,None_CIK35,1028918,"Aames Investment/Financial Corp​•Served in various capacities with KeyCorp, a $60 billion financial institution, including the following:​➢Executive Vice President Group Finance, KeyCorp​➢Executive Vice President, Treasurer and Chief Financial Officer, KeyBank USA​➢Vice President of Corporate Treasury, KeyBank USA​•Various financial and accounting roles at HSBC-Marine Midland Banks​​27TABLE OF CONTENTSMichael S. Karr​​​​Age: 55Year of Hire: 2006Senior Executive Vice President and Chief Risk Officer of the BankB.A., cum laude, Claremont McKenna CollegeM.B.A., University of California, Irvine​​Mr. ",https://www.sec.gov/Archives/edgar/data/1028918/000110465924041879/tm242894-d4_def14a.htm,non_ticker,0.0,non_stock_price
None_Name36,None_CIK36,1510295,,https://www.sec.gov/Archives/edgar/data/1510295/000151029524000033/compressedfinal_printxvers.pdf,non_ticker,0.0,non_stock_price
None_Name37,None_CIK37,1510295,"Other Public Company Directorships (within past five years): NoneEducation: B.S., Mechanical Engineering, University of California, Irvine; M.B.A., University of California, Irvine; Advanced Management Program, University of PennsylvaniaOther Professional Experience and Community Involvement: Director, Saudi Electricity Company (2018-2020)Member, Board of Directors for the International Youth FoundationJonathan Z. CohenCLASS",https://www.sec.gov/Archives/edgar/data/1510295/000151029524000033/mpc-20240313.htm,non_ticker,0.0,non_stock_price
None_Name38,None_CIK38,1510295,"Other Public Company Directorships (within past five years): NoneEducation: B.S., Mechanical Engineering, University of California, Irvine; M.B.A., University of California, Irvine; Advanced Management Program, University of PennsylvaniaOther Professional Experience and Community Involvement: Director, Saudi Electricity Company (2018-2020)Member, Board of Directors for the International Youth FoundationJonathan Z. CohenCLASS",https://www.sec.gov/Archives/edgar/data/1510295/000151029523000028/mpc-20230313.htm,non_ticker,0.0,non_stock_price
None_Name39,None_CIK39,1866633,"Ms. Aubee holds a Bachelor of Science in Clinical Psychology from the University of California, San Diego and a Juris Doctor from the University of California, Irvine School of Law.",https://www.sec.gov/Archives/edgar/data/1866633/000114036124022428/ny20022614x1_def14a.htm,non_ticker,0.0,non_stock_price
Szekeres David Leslie,1602459,1824293,"Mr. Szekeres received his undergraduate degree in criminology, law and society from the University of California, Irvine and his J.D. from Duke University School of Law.",https://www.sec.gov/Archives/edgar/data/1824293/000182429323000130/a2023proxystatement.htm,GRI,31202.0,19.66
Aslam Farha,1784355,802481,"Ms. Aslam completed her M.B.A. with a focus on Finance from Columbia Business School in 1996 and obtained her B.A. in Economics from University of California, Irvine in 1991.",https://www.sec.gov/Archives/edgar/data/802481/000080248124000024/ppc-20240401.htm,PPC,15395.0,37.78
HENRY CHRISTIAN O,1263805,1830214,"Mr. Henry holds a B.A. in biochemistry and cell biology from the University of California, San Diego and an M.B.A., with a concentration in finance, from the University of California, Irvine. ",https://www.sec.gov/Archives/edgar/data/1830214/000162828024018970/dna-20240429.htm,DNA,2596670.0,1.22
None_Name40,None_CIK40,1039280,"Ms. Farsaireceived her B.A. degree from University of California, Irvine, and her J.D. in 1996, and has been a member of the California State Barsince 1996.",https://www.sec.gov/Archives/edgar/data/1039280/000149315224015407/formdef14a.htm,non_ticker,0.0,non_stock_price
FARSAI MALEA,1315212,1039280,"Ms. Farsai received her B.A. degree from University of California, Irvine and her J.D. in 1996, and has been a member of the California State Bar since 1996.",https://www.sec.gov/Archives/edgar/data/1039280/000149315223012508/formdef14a.htm,NTWK,0.0,2.21
Barnett Valerie,1873091,1831915,"Ms. Barnett holds a B.A. in Political Science from the University of California, Irvine and a J.D. from Cornell Law School.",https://www.sec.gov/Archives/edgar/data/1831915/000114036123021528/ny20007889x1_def14a.htm,CTKB,38185.0,5.97
MUSSALLEM MICHAEL A,1204551,1099800,"70Director Since:    2000Edwards Board Role: • Chairman of the BoardSelect Professional Experience and Highlights: • Edwards Lifesciences Corporation– Chairman and Chief Executive Officer, since 2000• Baxter International Inc.– Group Vice President, Cardiovascular businesses, from 1994 to 2000– Group Vice President, Biopharmaceutical business, from 1998 to 2000 – Held a variety of positions with increasing responsibility in engineering and product development, from 1979 to 1994• Advanced Medical Technology Association (AdvaMed)– Member of the Board, since 2001– Member of the Executive Committee, since 2006– Chairman, from 2008 to 2010• University of California, Irvine Foundation– Member of the Board of Trustees, since 2008• Leonard D. Schaeffer Center for Health Policy & Economics at the University of Southern California– Advisory Member of the Board, since 2014• Rose-Hulman Institute of Technology– Member of the Board of Trustees, since 2017• CEO Leadership Alliance– Vice Chairman, since 2017• Elected as a member of the National Academy of Engineering, 2022*    As previously disclosed, Mr. Mussallem will retire from his position as Chief Executive Officer of the Company at the Annual Meeting.•  Forum for Corporate Directors Hall of Fame•  University of California Irvine Medal Award•  The Phoenix Conference Lifetime Achievement Award•  WomenHeart Excellence in Corporate Leadership Wenger AwardSelect Skills and Qualifications:Mr. Mussallem has extensive knowledge of, and deep expertise in, the medical technology industry, and of the people, operations, processes and products of the Company in particular.",https://www.sec.gov/Archives/edgar/data/1099800/000109980023000013/ew-20230327.htm,EW,33835.82,85.06
BERGHEIM OLAV,1207793,1407973,"Mr. Bergheim received a B.S. in mechanical engineering from the University of California, Irvine, and an M.S. in mechanical engineering from the California Institute of Technology.",https://www.sec.gov/Archives/edgar/data/1407973/000119312523124390/d403373ddef14a.htm,SONX,1941373.0,0.10
EUSEY SHANNON F,1778634,1169770,"Ms. Eusey is a graduate of University of California, Irvine where she played Division I volleyball.",https://www.sec.gov/Archives/edgar/data/1169770/000116977023000031/banc-20230330.htm,BANC,23617.0,13.52
None_Name41,None_CIK41,1802156,"Ms. Luna holds a B.F.A. in Performance Dance and Biological Sciences from University of California, Irvine and an M.B.A. from Chapman University, The George L. Argyros School of Business and Economics, where she was recognized with Beta Gamma Sigma Honors.",https://www.sec.gov/Archives/edgar/data/1802156/000114036124020435/ny20022055x1_def14a.htm,non_ticker,0.0,non_stock_price
None_Name42,None_CIK42,1802156,"Ms. Luna holds a B.F.A. in Performance Dance and Biological Sciences from University of California, Irvine and an M.B.A. from Chapman University, The George L. Argyros School of Business and Economics, where she wasrecognized with Beta Gamma Sigma Honors.",https://www.sec.gov/Archives/edgar/data/1802156/000114036123015111/ny20007538x1_def14a.htm,non_ticker,0.0,non_stock_price
None_Name43,None_CIK43,1532346,"Mr. Atwood holds a B.S. in biological sciences from the University of California, Irvine, a M.S. in ecology from the University of California, Davis, and an M.B.A. from Harvard Business School.",https://www.sec.gov/Archives/edgar/data/1532346/000110465923051404/tm231978-3_def14a.htm,non_ticker,0.0,non_stock_price
Bednarski Eric,1897581,1494650,"Dr. Bednarski has a B.S. in Neural Science from Brown University and a Ph.D. in Biological Science from the University of California, Irvine.",https://www.sec.gov/Archives/edgar/data/1494650/000149465024000047/optnprelimproxy20233.htm,OPTN,0.0,1.06
SCHNEIDER PATRICK,1927702,1816431,"Dr. Schneider received his Ph.D. in biology from University of California, Irvine, and his B.S. in microbiology from Northern Arizona University.",https://www.sec.gov/Archives/edgar/data/1816431/000114036123014533/ny20007250x4_def14a.htm,QSI,0.0,1.73
None_Name44,None_CIK44,1803901,"Dr. Choudhary holds a M.D. from the Saba University School of Medicine, an M.A. from Loyola Marymount University, and a B.S. and B.A. from the University of California, Irvine.",https://www.sec.gov/Archives/edgar/data/1803901/000114036123042235/ny20007727x3_def14a.htm,non_ticker,0.0,non_stock_price
Milligan Sandra,1859810,1728117,"Dr. Milligan received a B.S. in Biology and a B.A. in Psychology from the University of California, Irvine.",https://www.sec.gov/Archives/edgar/data/1728117/000172811723000040/goss-20230427.htm,GOSS,32000.0,0.60
None_Name45,None_CIK45,30305,"In partnership with the Los Angeles Chargersof the National Football League and the University of California, Irvine, Ducommun established and sponsors STEM on the Sidelines™,a regional competition promoting STEM education in Los Angeles and Orange County, California high schools, which is now in itssixth year.",https://www.sec.gov/Archives/edgar/data/30305/000130817924000122/ldco2024_def14a.htm,non_ticker,0.0,non_stock_price
None_Name46,None_CIK46,30305,"In partnership with the Los AngelesChargers of the National Football League and the University of California, Irvine, Ducommun established and sponsors STEMon the Sidelines™, a regional competition promoting STEM education in Los Angeles and Orange County, Californiahigh schools.",https://www.sec.gov/Archives/edgar/data/30305/000130817923000164/ldco2023_def14a.htm,non_ticker,0.0,non_stock_price
Van Hoose Kyri K.,1860885,1853816,"Ms. Van Hoose earned her B.S. in Accounting at the University of Southern California and M.B.A. in Finance at University of California, Irvine.   ",https://www.sec.gov/Archives/edgar/data/1853816/000165495423008352/drma_def14a.htm,DRMA,0.0,10.20
Feigal Ellen,1758108,1326732,"Dr. Feigal received her B.S. in biology and M.S. in molecular biology and biochemistry from University of California, Irvine, her M.D. from the University of California, Davis School of Medicine, completed an internal medicine residency at Stanford University and a hematology/oncology fellowship at UCSF.",https://www.sec.gov/Archives/edgar/data/1326732/000132673224000017/xncr-20240423.htm,XNCR,5007.0,25.55
None_Name47,None_CIK47,948708,"He received a Bachelor of Science degree in Computer Science and an M.B.A. from the University of California, Irvine.34Table of ContentsMr.",https://www.sec.gov/Archives/edgar/data/948708/000094870823000019/smsi2023proxy-def.htm,non_ticker,0.0,non_stock_price
Chang Brian P,1956739,1799332,"Mr. Chang holds a Bachelor of Arts, Economics from the University of California, Irvine and a Masters of Accounting from the University of Southern California.",https://www.sec.gov/Archives/edgar/data/1799332/000114036123021615/ny20007587x1_def14a.htm,GAN,42336.0,1.28
Baracchini Edgardo Jr,1291972,1711754,"He received his MBA from the University of California, Irvine, his PhD in molecular and cell biology from the University of Texas at Dallas, and his B.S. in microbiology from the University of Notre Dame.",https://www.sec.gov/Archives/edgar/data/1711754/000121390023031675/def14a0423_inmunebioinc.htm,INMB,37473.0,11.17
McLoughlin Margaret,1770823,1662774,"Dr. McLoughlin holds a B.S. in Chemistry from the University of California, Irvine and a Ph.D. in Chemistry from the University of California, Santa Barbara.",https://www.sec.gov/Archives/edgar/data/1662774/000119312523102037/d471617ddef14a.htm,QNCX,8000.0,0.79
WEAVER LANCE L,1234561,1185348,"International/GlobalPublic CompanyStrategic PlanningEducation:•B.A., University of California Irvine•M.B.A., Loyola Marymount University16 PRA Group |  2024 Proxy StatementTable of ContentsDirector NomineesAge: 69  Lead Independent Director  Committees: Nominating and Corporate Governance (Chair)      Mr. Weaver serves as the Lead Independent Director and is an accomplished consumer financial services executive with nearly 40 years of experience across the consumer lending, mortgage and credit card asset classes.",https://www.sec.gov/Archives/edgar/data/1185348/000119312524122822/d551555ddef14a.htm,PRAA,18922.0,24.08
Tomasi Adam,1637219,1564824,"Dr. Tomasi holds a Bachelor of Science in Chemistry from the University of California, Berkeley, an M.B.A. from the Massachusetts Institute of Technology Sloan School of Management and a Ph.D. in Chemistry from the University of California, Irvine.",https://www.sec.gov/Archives/edgar/data/1564824/000095017024047043/allk-def_14a-2024_proxy_.htm,ALLK,597473.0,1.29
None_Name48,None_CIK48,1585389,"Mr. Look holds a B.S. in Computer Science from the University of California, Irvine and a J.D. from the Pepperdine University School of Law.",https://www.sec.gov/Archives/edgar/data/1585389/000119312523099102/d481982ddef14a.htm,non_ticker,0.0,non_stock_price
None_Name49,None_CIK49,1585389,"Mr. Look holds a B.S. in Computer Science from the University of California, Irvine and a J.D. from the Pepperdine University School of Law.",https://www.sec.gov/Archives/edgar/data/1585389/000119312524092849/d782316ddef14a.htm,non_ticker,0.0,non_stock_price
Singer Robert S,1291809,1024305,"He received a Bachelor of Arts Humanities degree from Johns Hopkins University, a Master of Arts degree in Comparative Literature from University of California, Irvine and graduated from New York University with a Master of Science in Accounting.",https://www.sec.gov/Archives/edgar/data/1024305/000102430523000069/coty-20230921.htm,COTY,169982.0,12.75
Taira Thomas,1607889,1690820,"Mr. Taira holds a B.A. in Social Sciences from the University of California, Irvine and an M.B.A. from Georgetown University.  ",https://www.sec.gov/Archives/edgar/data/1690820/000169082024000138/cvna-20240326.htm,CVNA,186397.0,101.10
None_Name50,None_CIK50,1351636,"Ms. Edwards holds a B.A in Business Administration,Accounting emphasis from California State University Fullerton and an M.B.A, International Business from the University of California, Irvine.",https://www.sec.gov/Archives/edgar/data/1351636/000119312524122179/d762454ddef14a.htm,non_ticker,0.0,non_stock_price
None_Name51,None_CIK51,93389,,https://www.sec.gov/Archives/edgar/data/93389/000114036124020050/ny20021076x1_def14a.htm,non_ticker,0.0,non_stock_price
None_Name52,None_CIK52,93389,,https://www.sec.gov/Archives/edgar/data/93389/000114036123018860/ny20008507x1_def14a.htm,non_ticker,0.0,non_stock_price
Loxam Teri,1829111,1649094,"Ms. Loxam holds an M.B.A. from the University of California, Irvine, Paul Merage School of Business, and a B.Sc. from the University of Victoria.",https://www.sec.gov/Archives/edgar/data/1649094/000119312524096192/d21304ddef14a.htm,PCVX,62718.0,71.45
LOWELL WAYNE B,1263523,937098,"Mr. Lowell holds a B.S. in Accounting from the University of Maryland and an M.B.A. from the University of California, Irvine.",https://www.sec.gov/Archives/edgar/data/937098/000093709824000080/tnet-20240411.htm,TNET,4807.0,105.46
Selecky Christobel,1849739,1326110,"Since 2014 she has served as a Strategic Advisor at Ceresti Health, a privately-held healthcare technology company, and has served as a lecturer in Healthcare Entrepreneurship for the M.B.A. program at the University of California, Irvine since 2017.",https://www.sec.gov/Archives/edgar/data/1326110/000132611023000050/ibrx-20230427.htm,IBRX,0.0,2.79
None_Name53,None_CIK53,1326110,"Since 2014 she has served as a Strategic Advisor at Ceresti Health, a privately-held healthcare technology company, and has served as a lecturer in Healthcare Entrepreneurship for the M.B.A. program at the University of California, Irvine since 2017.",https://www.sec.gov/Archives/edgar/data/1326110/000132611024000054/ibrx-20240429.htm,non_ticker,0.0,non_stock_price
None_Name54,None_CIK54,46195,,https://www.sec.gov/Archives/edgar/data/46195/000156459023003859/boh-def14a_20230428.htm,non_ticker,0.0,non_stock_price
Nichols Victor K,1614929,46195,"He has been an Advisor to Mitek, an identification technology provider, and to Bloom, a global consumer data provider.•In addition, Mr. Nichols is a past member of the Economics Leadership Council, University of California, San Diego, served on the Leadership Council for UCI Donald Bren School of Information and Computer Sciences, and served on the Dean’s Advisory Board, University of California, Irvine Merage School.",https://www.sec.gov/Archives/edgar/data/46195/000095017024032071/boh-20240311.htm,BOH,16246.0,56.01
None_Name55,None_CIK55,1730168,"He is a Professor in the Electrical and Computer Engineering Department at the University of California, Los Angeles since 1985 (on leave of absence since 1995) and a Distinguished Adjunct Professor in the Electrical Engineering and Computer Science Department at the University of California, Irvine since 2003.",https://www.sec.gov/Archives/edgar/data/1730168/000114036124009541/ny20015852x1_def14a.htm,non_ticker,0.0,non_stock_price
None_Name56,None_CIK56,1730168,"He is a Professor in the Electrical and Computer EngineeringDepartment at the University of California, Los Angeles since 1985 (on leave of absence since 1995) and a Distinguished Adjunct Professorin the Electrical Engineering and Computer Science Department at the University of California, Irvine since 2003.",https://www.sec.gov/Archives/edgar/data/1730168/000114036123007640/ny20006245x500_def14a.htm,non_ticker,0.0,non_stock_price
Pitta Michael J,2013453,1506307,"He holds a master’s degree in business administration from the University of California, Irvine, and a bachelor’s degree in engineering geology from the University of California, Los Angeles.",https://www.sec.gov/Archives/edgar/data/1506307/000150630724000022/kmi-20240326.htm,KMI,0.0,non_stock_price
Rydin Jeffrey P,1345767,1350653,"Mr. Rydin received a B.A. degree in Social Ecology from the University of California, Irvine.",https://www.sec.gov/Archives/edgar/data/1350653/000095017024049245/atec-20240426.htm,ATEC,553563.0,15.50
None_Name57,None_CIK57,1704711,,https://www.sec.gov/Archives/edgar/data/1704711/000170471124000057/fnko-20240424.htm,non_ticker,0.0,non_stock_price
STOWELL SCOTT D,1202212,794170,"He is a member of the Dean’s Advisory Board at University of California, Irvine’s Merage Business School.",https://www.sec.gov/Archives/edgar/data/794170/000079417023000013/tol2022def14a.htm,TOL,23535.0,103.57
None_Name58,None_CIK58,1821825,,https://www.sec.gov/Archives/edgar/data/1821825/000119312523122171/d377667ddef14a1.pdf,non_ticker,0.0,non_stock_price
None_Name59,None_CIK59,1821825,"Dr. Milligan received a medical degree from George Washington University School of Medicine, a J.D. from the Georgetown University School of Law and bachelor of science degree in biology and a bachelor of arts degree in psychology from the University of California, Irvine.",https://www.sec.gov/Archives/edgar/data/1821825/000119312523122171/d377667ddef14a.htm,non_ticker,0.0,non_stock_price
LIN CHUANG I,1185981,1499422,"Mr. Lin holds a B.S. in Economics from University of California, Irvine.",https://www.sec.gov/Archives/edgar/data/1499422/000143774923014237/rbb20230320_def14a.htm,RBB,38126.0,18.89
Schneider David,1402350,1713683,"Mr. Schneider holds a B.A. in political science from the University of California, Irvine.",https://www.sec.gov/Archives/edgar/data/1713683/000162828023039884/zs-20231122.htm,ZS,22527.0,209.81
Malek Gilda,1970635,752714,"Ms. Malek received her J.D. from University of San Francisco, School of Law, and her B.A. in Political Science from University of California, Irvine.",https://www.sec.gov/Archives/edgar/data/752714/000095017023015752/mgrc-20230426.htm,MGRC,1429.0,120.72
Carnahan Scott W.,1469228,1464423,"Mr. Carnahan holds a B.A. and an M.B.A. from the University of California, Irvine and is a CPA.",https://www.sec.gov/Archives/edgar/data/1464423/000119312523110599/d438821ddef14a.htm,PMT,9377.61,13.69
None_Name60,None_CIK60,933974,"(2010-2022)​​Other​​•  Former Director, Decipher, Inc. (2018-2021)​​Qualifications and Expertise Provided to Our Board​​•  Life science industry veteran with deep experience in building and leadingnovel genomics-based businessesfrom conception through IPO, including public company CEO experience​​•  Extensive experience in commercial operations, sales and marketing, managedcare and technical support​​•  Significant M&A experience having overseen thesale of several companies while serving as a member of a board or executive, including Decipher Biosciences to Veracyte for $600 million, Genoptix to Novartis AG for $470 million andArena Pharmaceuticals to Pfizer for $6.7 billion​​Education​​•  BS in Biological Sciences, The University of California, Irvine​​•  PhD in Biochemistry, The University of California, Riverside​​•  Postdoctoral Research, New York University Medical Center, Departments ofDermatology and Opthalmology​AZENTA – 2023 Proxy Statement  21TABLE OF CONTENTSDIRECTOR NOMINEES​Michael Rosenblatt, MD​​​​Age: 76​​Independent Director since September 2018​​Committees​​Current:​​•  ESG​​•  Human Resources and Compensation​​Expected upon election at Annual Meeting:​​•  ESG (Chair)​​•  Human Resources and Compensation​​Experience​​•  Senior Partner, now Senior Advisor, of Flagship Pioneering, a Cambridge,Massachusetts-basedfirm that originates new biotech companies (2021 – Present)​​•  Former Chief Medical Officer of Flagship Pioneering (2016 – 2022)​​•  Contributed to Moderna’s coronavirus vaccine efforts as a member ofModerna’s Development Committee, VaccineAcceleration Committee, chairman of the Vaccine Ethics and Access Committee andas a special consultant to the CMO​​•  Former Executive Vice President and Chief Medical Officer of Merck &Co., Inc.",https://www.sec.gov/Archives/edgar/data/933974/000114036123057904/ny20014789x1_def14a.htm,non_ticker,0.0,non_stock_price
None_Name61,None_CIK61,1805521,"He received his Juris Doctor degree from Southwestern Law School in Los Angeles, California and his bachelor of arts in economics and political science from the University of California, Irvine.",https://www.sec.gov/Archives/edgar/data/1805521/000114036123012378/ny20008179x1_def14a.htm,non_ticker,0.0,non_stock_price
ROBERSON DAVID EARLE,1277307,1575793,"Mr. Roberson holds a B.A. in Social Ecology from the University of California, Irvine and a J.D. from Golden Gate University School of Law.",https://www.sec.gov/Archives/edgar/data/1575793/000110465924052949/tm2412475-1_def14a.htm,WATT,4236.0,1.69
None_Name62,None_CIK62,1070050,"Ms. Huang is the Founder and CEO of Dandelion Global, LLC (2003 - present),Co-Founder/CEO of Athena Music and Wellness Therapy, Inc. (2019 - present), Member of the Board of Directors of the Alzheimer’sAssociation Orange County (2018 present), member of the Advisory Board of Directors of IntivaHealth Corporation (2018- present),member of the Advisory Board of Directors of the University of California, Irvine, Paul Merage School of Business, Beal Center of Innovationand Entrepreneurship (2020 - present), and Chairwoman of International Music and Wellness Council ( 2019 - present). ",https://www.sec.gov/Archives/edgar/data/1070050/000168316824002325/apptech_idef14a.htm,non_ticker,0.0,non_stock_price
None_Name63,None_CIK63,1070050,"Ms. Huang is the Founder and CEO of Dandelion Global,LLC (2003 - present), Co-Founder/CEO of Athena Music and Wellness Therapy, Inc. (2019 - present), Member of the Board of Directorsof the Alzheimer’s Association Orange County (2018 present), member of the Advisory Board of Directors of IntivaHealthCorporation (2018- present), member of the Advisory Board of Directors of the University of California, Irvine, Paul Merage Schoolof Business, Beal Center of Innovation and Entrepreneurship (2020 - present), and Chairwoman of International Music and WellnessCouncil ( 2019 - present). ",https://www.sec.gov/Archives/edgar/data/1070050/000190359623000206/apcx_def14a.htm,non_ticker,0.0,non_stock_price
Boyd Bradley L,1999787,1069258,"Colonel Boyd holds a master’s degree in International Politics from Cambridge, a master’s degree in Strategic Cyber Operations from the Army’s Command and General Staff College, and a bachelor’s degree in Anthropology from the University of California, Irvine.",https://www.sec.gov/Archives/edgar/data/1069258/000106925824000026/kratosdef14a041124.htm,KTOS,3280.0,21.74
None_Name64,None_CIK64,1870404,,https://www.sec.gov/Archives/edgar/data/1870404/000121390024032997/ea0203708-def14a_cerothera.htm,non_ticker,0.0,non_stock_price
Archambault Matthew Andrew,1940063,1418135,"He received a BA degree from Johns Hopkins University, an MA degree in Comparative Literature from the University of California, Irvine and graduated from New York University with an MS in Accounting.",https://www.sec.gov/Archives/edgar/data/1418135/000119312523127023/d410624ddef14a.htm,KDP,12565.0,34.19
None_Name65,None_CIK65,1418135,"Mr. Singer holds a bachelor’s degree from Johns Hopkins University, a master’s degree from the University of California, Irvine, and a master’s degree in Accounting from New York University.     ",https://www.sec.gov/Archives/edgar/data/1418135/000119312524118204/d469486ddef14a.htm,non_ticker,0.0,non_stock_price
Wilkins Joseph D Jr.,1848760,1906324,"Mr. Wilkins is also a founding director at Black Directors Health Equity Agenda (BDHEA), a Six Sigma Certified practitioner and holds corporate governance certifications from both University of California, Irvine and University of Southern California.",https://www.sec.gov/Archives/edgar/data/1906324/000190632423000020/qdel-20230405.htm,QDEL,6577.0,43.71
None_Name66,None_CIK66,1389050,,https://www.sec.gov/Archives/edgar/data/1389050/000114036123011838/ny20006387x1_def14a.htm,non_ticker,0.0,non_stock_price
None_Name67,None_CIK67,1389050,,https://www.sec.gov/Archives/edgar/data/1389050/000114036124012859/ny20012025x1_def14a.htm,non_ticker,0.0,non_stock_price
None_Name68,None_CIK68,1671933,,https://www.sec.gov/Archives/edgar/data/1671933/000167193323000016/ttd-20230412.htm,non_ticker,0.0,non_stock_price
None_Name69,None_CIK69,1671933,,https://www.sec.gov/Archives/edgar/data/1671933/000167193324000037/ttd-20240412.htm,non_ticker,0.0,non_stock_price
None_Name70,None_CIK70,1779474,,https://www.sec.gov/Archives/edgar/data/1779474/000114036123020964/ny20008139x1_def14a.htm,non_ticker,0.0,non_stock_price
None_Name71,None_CIK71,766829,,https://www.sec.gov/Archives/edgar/data/766829/000076682924000043/sjw-20240426.htm,non_ticker,0.0,non_stock_price
Sandoval Elisabeth,1632295,1566044,"She holds an MBA from Pepperdine University and a B.S. in biology from the University of California, Irvine.",https://www.sec.gov/Archives/edgar/data/1566044/000110465923117180/tm2330482-1_def14a.htm,VYNE,11023.0,2.38
None_Name72,None_CIK72,1792580,,https://www.sec.gov/Archives/edgar/data/1792580/000119312524073766/d581659ddef14a.htm,non_ticker,0.0,non_stock_price
None_Name73,None_CIK73,1792580,,https://www.sec.gov/Archives/edgar/data/1792580/000119312523077854/d386177ddef14a.htm,non_ticker,0.0,non_stock_price
Kumar Rashmi,1824720,899923,"She also holds an MBA from the University of California, Irvine; Paul Merage School of Business.",https://www.sec.gov/Archives/edgar/data/899923/000089992324000022/mygn-20240417.htm,MYGN,84892.0,22.14
None_Name74,None_CIK74,1368265,"Mr. Pratt earned a B.S. from the California State University at Northridge and an M.B.A. from the University of California, Irvine.",https://www.sec.gov/Archives/edgar/data/1368265/000110465923041888/tm231969d2_def14a.htm,non_ticker,0.0,non_stock_price
Lee Sung,1793200,1706431,"Mr. Lee received a B.A. from the University of California, Irvine and an M.B.T. from the University of Southern California.12Table of ContentsPhillip Pang, M.D., Ph.D., 48, has served as our Chief Medical Officer since December 2018, our Executive Vice President since December 2021 and our Interim Head of Research since August 2022.",https://www.sec.gov/Archives/edgar/data/1706431/000119312523095213/d466768ddef14a.htm,VIR,34684.0,10.63
None_Name75,None_CIK75,1605941,"He has a bachelor’s degree in economics from the University of California, Irvine and anMBA in finance and accounting from the University of Chicago Booth School of Business.",https://www.sec.gov/Archives/edgar/data/1605941/000119312523222789/d609075ddef14a.htm,non_ticker,0.0,non_stock_price
None_Name76,None_CIK76,45012,,https://www.sec.gov/Archives/edgar/data/45012/000130817923000504/lhal2023_def14a.pdf,non_ticker,0.0,non_stock_price
None_Name77,None_CIK77,45012,,https://www.sec.gov/Archives/edgar/data/45012/000130817924000414/lhal2024_def14a.pdf,non_ticker,0.0,non_stock_price
None_Name78,None_CIK78,45012,,https://www.sec.gov/Archives/edgar/data/45012/000130817923000504/hal-20221231.htm,non_ticker,0.0,non_stock_price
Al Khayyal Abdulaziz Fahd,1627197,45012,"In addition to his 33-year career at Saudi Aramco, Mr. Al Khayyal attended University of California, Irvine,where he received his Bachelor of Science degree in mechanical engineering and an MBA.",https://www.sec.gov/Archives/edgar/data/45012/000130817924000414/lhal2024_def14a.htm,HAL,22063.948,40.64
None_Name79,None_CIK79,866706,,https://www.sec.gov/Archives/edgar/data/866706/000110465923127180/tm2324166d3_def14a.htm,non_ticker,0.0,non_stock_price
None_Name80,None_CIK80,1331875,,https://www.sec.gov/Archives/edgar/data/1331875/000110465923051332/tm231872d1_def14a.htm,non_ticker,0.0,non_stock_price
None_Name81,None_CIK81,1331875,,https://www.sec.gov/Archives/edgar/data/1331875/000110465924052364/tm242704d5_def14a.htm,non_ticker,0.0,non_stock_price
None_Name82,None_CIK82,1856485,"Mr. Petratis has served as a member of the University of Northern Iowa Business Executive Advisory Board and various private boards and advisory groups, the University of California Irvine Graduate School of Management, the California State (Fullerton) Quality Advisory Board, Project Independence (a community agency in Costa Mesa, California, for the developmentally disabled), the National Electrical Manufacturers Association (NEMA) and the International Electrical Safety Foundation.   ",https://www.sec.gov/Archives/edgar/data/1856485/000119312524087937/d510108ddef14a.htm,non_ticker,0.0,non_stock_price
None_Name83,None_CIK83,1856485,"Mr. Petratis has served as a member of the University of Northern Iowa Business Executive Advisory Board and various private boards and advisory groups, the University of California Irvine Graduate School of Management, the California State (Fullerton) Quality Advisory Board, Project Independence (a community agency in Costa Mesa, California, for the developmentally disabled),the National Electrical Manufacturers Association (NEMA) and the International Electrical Safety Foundation.   ",https://www.sec.gov/Archives/edgar/data/1856485/000119312523091198/d334746ddef14a.htm,non_ticker,0.0,non_stock_price
None_Name84,None_CIK84,1576280,"Dr. Chudova holds a Ph.D. in Computer Science from the University of California, Irvine.  Craig Eagle, M.D. Dr. Eagle has served as our Chief Medical Officer since April 2021.",https://www.sec.gov/Archives/edgar/data/1576280/000119312524113951/d630233ddef14a.htm,non_ticker,0.0,non_stock_price
LEYDEN TIMOTHY M,1398362,780571,"Mr. Leyden also serves on the Dean’s Advisory Board at the University of California Irvine’s Paul Merage School of Business.​​​​​​​​Qualifications: Mr. Leydenbrings to the Board a mix of financial and operational experience (in both hardware and software industries), in addition to a background that includes mergers and acquisitions and integration experience related to the assimilation ofacquired companies into both WDC and Sage Software.",https://www.sec.gov/Archives/edgar/data/780571/000114036123012718/ny20005713x1_def14a.htm,ITRI,14378.0,90.07
None_Name85,None_CIK85,320335,"She is a Trustee of Reed College, Portland, Oregon and the University of California Irvine Foundation.",https://www.sec.gov/Archives/edgar/data/320335/000032033523000014/gl-20230315.htm,non_ticker,0.0,non_stock_price
None_Name86,None_CIK86,1651561,"Veterans Administration•Served in varied assignments​​​Education•Board Certified Pharmacist​•Currently completing the Executive Master of Health Administration Program, the University of Southern California Sol Price School of Public Policy​•Completed an Ambulatory Care/​Administrative residency, University of California Irvine Medical Center​•Doctor of Pharmacy, the University of California San Francisco School of Pharmacy​•Bachelor of Science in Biological Sciences, California State University Fullerton​QualificationsThe Board believes that RADM Schweitzer’s extensive leadership experience in public service and expertise in pharmacy programs make her a valuable member of our Board.",https://www.sec.gov/Archives/edgar/data/1651561/000110465923052070/tm231876d7_def14a.htm,non_ticker,0.0,non_stock_price
TAYLOR RONALD R,1161920,943819,"Mr. Taylor has a Bachelor of Arts from the University of Saskatchewan and a Master of Arts from the University of California, Irvine.",https://www.sec.gov/Archives/edgar/data/943819/000094381923000019/rmd-20231005.htm,RMD,22615.0,150.49
schiller Thomas,1865418,1841925,"He earned a Masters of Business Administration from the University of Southern California with specialization in Entrepreneurship and Finance, and holds a Bachelor of Arts in Social Sciences with emphasis in Economics and Political Science from the University of California, Irvine.",https://www.sec.gov/Archives/edgar/data/1841925/000162828023016166/a2023indiesemiconductordef.htm,INDI,1049282.0,7.54
None_Name87,None_CIK87,1041061,"Ms. Doniz is a current adviser to the Center of Digital Transformation at the University of California, Irvine, Paul Merage School of Business.",https://www.sec.gov/Archives/edgar/data/1041061/000119312524088443/d607499ddef14a.htm,non_ticker,0.0,non_stock_price
GERACE JOHN D.,1900783,1401708,"He currently serves on the boards of directors for the Iacocca Family Foundation, The UC Irvine Foundation, and University Lab Partners.",https://www.sec.gov/Archives/edgar/data/1401708/000140170823000096/nstg-20230427.htm,NSTG,20943.0,9.74
Robichaud Albert,1612861,1597553,"Dr. Robichaud earned a B.S. in chemistry from Rensselaer Polytechnic Institute, a Ph.D. in organic chemistry from the University of California, Irvine and was an American Chemical Society postdoctoral fellow at Colorado State University.77Table of ContentsLaura Gault, M.D., Ph.D. Dr. Gault has served as our Chief Medical Officer since October 2022.",https://www.sec.gov/Archives/edgar/data/1597553/000119312523122119/d265889ddef14a.htm,SAGE,146680.0,45.11
None_Name88,None_CIK88,1453593,"Mr. Beeson holds a Bachelor of Science degree from the University of California, Irvine, and a Juris Doctorfrom the University of Pennsylvania.",https://www.sec.gov/Archives/edgar/data/1453593/000149315223020490/formdef14a.htm,non_ticker,0.0,non_stock_price
None_Name89,None_CIK89,718937,"He earned a bachelor’s degree in physics from California State University, Fullerton and completed core graduate studies in biochemistry at the University of California, Irvine.",https://www.sec.gov/Archives/edgar/data/718937/000095017023014790/staa-20230426.htm,non_ticker,0.0,non_stock_price
None_Name90,None_CIK90,1302028,,https://www.sec.gov/Archives/edgar/data/1302028/000095017024049961/proxy_mntx-def14a_2024_l.htm,non_ticker,0.0,non_stock_price
None_Name91,None_CIK91,1302028,,https://www.sec.gov/Archives/edgar/data/1302028/000095017023013762/mntx-def14a_2023.htm,non_ticker,0.0,non_stock_price
None_Name92,None_CIK92,860730,,https://www.sec.gov/Archives/edgar/data/860730/000119312524069180/d874659ddef14a.htm,non_ticker,0.0,non_stock_price
White Nicole S,1993254,1426800,"Nicole received a B.S. in Chemistry from the University of California, San Diego and a Ph.D. in Organic Chemistry from the University of California, Irvine.",https://www.sec.gov/Archives/edgar/data/1426800/000095017024045105/asmb-20240416.htm,ASMB,12853.0,15.08
None_Name93,None_CIK93,1706946,,https://www.sec.gov/Archives/edgar/data/1706946/000130817923000771/spce_courtesy-pdf.pdf,non_ticker,0.0,non_stock_price
Colglazier Michael A,1817756,1706946,"He is currently Chairman of the CEO Roundtable for the University of California, Irvine, and a member of the Engineering Advisory Board of Rice University.",https://www.sec.gov/Archives/edgar/data/1706946/000130817923000771/spce4161051-def14a.htm,SPCE,817359.0,1.00
None_Name94,None_CIK94,1706946,,https://www.sec.gov/Archives/edgar/data/1706946/000130817924000617/spce_courtesy-pdf.pdf,non_ticker,0.0,non_stock_price
None_Name95,None_CIK95,1078075,,https://www.sec.gov/Archives/edgar/data/1078075/000119312523196100/d501395ddef14a.htm,non_ticker,0.0,non_stock_price
Inrig Jula,1902368,1438533,"Dr. Inrig is board certified in nephrology and internal medicine and has served on the faculty at the University of California, Irvine, and as an adjunct in the Department of Medicine at the Duke University School of Medicine.",https://www.sec.gov/Archives/edgar/data/1438533/000143853324000012/tvtx-20240327.htm,TVTX,60248.0,8.49
Ajer Jeffrey Robert,1557533,1048477,"Mr. Ajer holds both a B.S. in Chemistry and an M.B.A. from the University of California, Irvine.",https://www.sec.gov/Archives/edgar/data/1048477/000104847724000058/bmrn-20240408.htm,BMRN,71767.0,82.10
None_Name96,None_CIK96,1048477,,https://www.sec.gov/Archives/edgar/data/1048477/000130817923000635/bmrn_courtesy-pdf.pdf,non_ticker,0.0,non_stock_price
None_Name97,None_CIK97,1860742,,https://www.sec.gov/Archives/edgar/data/1860742/000130817923000138/blco_courtesy-pdf.pdf,non_ticker,0.0,non_stock_price
Hashad Yehia,1877701,1860742,"He previously served on the boards of Applied Genetic Technologies Corporation, a publicly traded clinical-stage biotechnology company, the Glaucoma Research Foundation and the National Alliance of Eye and Vision Research and as board adviser for the University of California Irvine Research Center.",https://www.sec.gov/Archives/edgar/data/1860742/000130817923000138/blco4122781-def14a.htm,BLCO,102271.0,16.54
None_Name98,None_CIK98,1860742,,https://www.sec.gov/Archives/edgar/data/1860742/000130817924000628/lblco2024_def14a-courtesy.pdf,non_ticker,0.0,non_stock_price
Mantas Jesus B,1777331,875045,"Before joining IBM, Mr. Mantas was a Partner in PricewaterhouseCoopers Consulting, an adjunct professor at University of California Irvine – Graduate School of Management and an officer in the Air Force of Spain.  ",https://www.sec.gov/Archives/edgar/data/875045/000119312523127639/d422936ddef14a.htm,BIIB,6048.0,284.02
Les Jason,1721702,1167419,"Les holds a Bachelor of Science, Computer Science from the University of California, Irvine.",https://www.sec.gov/Archives/edgar/data/1167419/000155837024006123/riot-20240612xdef14a.htm,RIOT,6256700.0,9.65
Drake Michael V,1938942,318154,"He was Chancellor and Distinguished Professor of Ophthalmology (School of Medicine) and Education (School of Education) of the University of California, Irvine, from 2005 to 2014, and served as Vice President for Health Affairs for the University of California system from 2000 to 2005.",https://www.sec.gov/Archives/edgar/data/318154/000119312523093947/d371686ddef14a.htm,AMGN,3174.7662,307.37
None_Name99,None_CIK99,6176,,https://www.sec.gov/Archives/edgar/data/6176/000095017024047252/ap_def_14a_2024.htm,non_ticker,0.0,non_stock_price
None_Name100,None_CIK100,6176,,https://www.sec.gov/Archives/edgar/data/6176/000095017023012799/ap_2023_proxy.htm,non_ticker,0.0,non_stock_price
None_Name101,None_CIK101,1776738,,https://www.sec.gov/Archives/edgar/data/1776738/000119312523257653/d562271ddef14a.htm,non_ticker,0.0,non_stock_price
None_Name102,None_CIK102,1579298,,https://www.sec.gov/Archives/edgar/data/1579298/000119312523088072/d138551ddef14a.htm,non_ticker,0.0,non_stock_price
None_Name103,None_CIK103,64040,,https://www.sec.gov/Archives/edgar/data/64040/000110465924035901/tm242732d2_def14a.htm,non_ticker,0.0,non_stock_price
None_Name104,None_CIK104,64040,,https://www.sec.gov/Archives/edgar/data/64040/000110465923035844/tm231918-2_def14a.htm,non_ticker,0.0,non_stock_price
