Nguyen,https://www.sec.gov/Archives/edgar/data/1817511/000114036123025121/ny20008932x1_def14a.htm,1817511,"Mr. Nguyen earned an MBA from The University of Chicago Booth School of Business; a MA in International Studies from The Johns Hopkins University School of Advanced International Studies; a Juris Doctor from the University of Minnesota Law School; and a BA-Economics/BA-Chinese Literature from the University of California, Irvine."
Noblett,https://www.sec.gov/Archives/edgar/data/1603756/000160375623000031/axnx-20230501.htm,1603756,"Dr. Noblett holds a B.A. in Biology from California State University, Fresno, an M.D. from the University of California, Irvine, and an M.S. in Research from the University of California, San Diego."
LTC,https://www.sec.gov/Archives/edgar/data/1698538/000119312523100380/d462666ddef14a.htm,1698538,"Mr. Chappell graduated with a B.A. in Political Science and Business Administration from the University of California, Los Angeles, has an MBA from the University of California, Irvine, and has a Master of Aging ServicesManagement from the University of Southern California.18STOCK OWNERSHIPBeneficial Ownership of the Company’s"
Muzzy,https://www.sec.gov/Archives/edgar/data/1698538/000119312524094554/d825736ddef14a.htm,1698538,"Mr. Muzzy graduated with a B.A. in Social Ecology from the University of California, Irvine, and has an MBA from Pepperdine University."
Muzzy,https://www.sec.gov/Archives/edgar/data/1852575/000119312524091711/d811706ddef14a.htm,1852575,"Mr. Muzzy graduated with aB.A. in Social Ecology from the University of California, Irvine, and has an MBA from Pepperdine University.  "
Counsel,https://www.sec.gov/Archives/edgar/data/1852575/000119312523095400/d494730ddef14a.htm,1852575,"Mr. Look holds a B.S. in Computer Science from the University of California, Irvineand a J.D. from the Pepperdine University School of Law."
Muzzy,https://www.sec.gov/Archives/edgar/data/1852575/000119312523095400/d494730ddef14a.htm,1852575,"Mr. Muzzy graduated with a B.A. in Social Ecology from the University of California, Irvine, and has an MBAfrom Pepperdine University.  "
Lung Transplant,https://www.sec.gov/Archives/edgar/data/1819576/000110465923053124/tm232005-2_def14a.htm,1819576,"Dr. Saggar received a B.S. degree and a M.D. degree from the University of California, Irvine."
Lung Transplant,https://www.sec.gov/Archives/edgar/data/1819576/000110465924054100/tm242791-4_def14a.htm,1819576,"Dr. Saggar received a B.S. degree and a M.D. degree from the University of California, Irvine."
Kramer,https://www.sec.gov/Archives/edgar/data/1821160/000182116023000026/ghld-def14aproxy2023.htm,1821160,"Ms. Kramer holds a Bachelor of Business Administration in finance from Texas Christian University and a Master of Business Administration from the University of California, Irvine."
Kramer,https://www.sec.gov/Archives/edgar/data/1821160/000182116024000020/ghld-def14aproxy2024.htm,1821160,"Ms. Kramer holds a Bachelor of Business Administration in finance from Texas Christian University and a Master of Business Administration from the University of California, Irvine."
Emerson,https://www.sec.gov/Archives/edgar/data/73290/000149315223034447/formdef14a.htm,73290,"From1994 to 2009, Dr. Emerson was on the faculty of the University of California, Irvine School of Medicines where she served as Chief ofClinical Pathology, and from 2000 to 2009, she served as the Vice Chair for Clinical Programs, Department of Pathology, and LaboratoryMedicine."
Kahn,https://www.sec.gov/Archives/edgar/data/1274737/000127473724000028/a2024def14aproxystatement.htm,1274737,"Dr. Kahn has a Ph.D. in Theoretical Organic Chemistry from the University of California, Irvine and was a Fellow Commoner of Churchill College at the University of Cambridge in England."
Nova,https://www.sec.gov/Archives/edgar/data/1274737/000127473723000034/a2023def14aproxystatement.htm,1274737,"Dr. Nova holds a B.S. in Biological Sciences from the University of California, Irvine and a Ph.D. in Biochemistry from the University of California, Riverside."
Dean,https://www.sec.gov/Archives/edgar/data/814083/000139834424004621/fp0087341-1_def14a.htm,814083,"Mr. Dean holds a Bachelor of Arts degree from the University of California, Irvine and a Juris Doctor degree from the University of Minnesota Law School."
Dean,https://www.sec.gov/Archives/edgar/data/814083/000139834423004618/fp0081912-2_def14a.htm,814083,"Mr. Dean holds a Bachelor of Arts degree from the University of California, Irvine and a Juris Doctor degree from the University of Minnesota Law School."
Dean,https://www.sec.gov/Archives/edgar/data/33934/000139834424004620/fp0087340-1_def14a.htm,33934,"Mr. Dean holds a Bachelor of Arts degree from the University of California, Irvine and a Juris Doctor degree from the University of Minnesota Law School."
Dean,https://www.sec.gov/Archives/edgar/data/33934/000139834423004619/fp0081911-2_def14a.htm,33934,"Mr. Dean holds a Bachelor of Arts degree from the University of California, Irvine and a Juris Doctor degree from the University of Minnesota Law School."
Director​Francis P. Kavanaugh,https://www.sec.gov/Archives/edgar/data/1654595/000110465923093698/tm2322683-1_def14a.htm,1654595,Mr. Kavanaugh received his B.S. in Information and Computer Science from the University of California Irvine in 1985 and his MBA from Pepperdine University in 2003.
OFFICERSFrancis P. Kavanaugh,https://www.sec.gov/Archives/edgar/data/1654595/000110465923093698/tm2322683-1_def14a.htm,1654595,Mr. Kavanaugh received his B.S. in Information and Computer Science from the University of California Irvine in 1985 and his MBA from Pepperdine University in 2003.
,https://www.sec.gov/Archives/edgar/data/880242/000143774923010809/blgo20230418_def14a.htm,880242,
,https://www.sec.gov/Archives/edgar/data/880242/000143774924013406/blgo20240426c_def14a.htm,880242,
Theuer,https://www.sec.gov/Archives/edgar/data/1260990/000095017024049135/onct_proxy_2024.htm,1260990,"Dr. Theuer received a B.S. from the Massachusetts Institute of Technology, an M.D. from the University of California, San Francisco, and a Ph.D. from the8University of California, Irvine."
Theuer,https://www.sec.gov/Archives/edgar/data/1260990/000095017023022466/onct_proxy_2023.htm,1260990,"Dr. Theuer received a B.S. from the Massachusetts Institute of Technology, an M.D. from the University of California, San Francisco, and a Ph.D. from the University of California, Irvine."
Gabriel J. MolnarCommittee,https://www.sec.gov/Archives/edgar/data/832480/000083248023000015/2023utgproxy.htm,832480,April Holds an Oxford Diploma in Strategy & Innovation and a BS in ComputerScience from UC Irvine.
Anderson,https://www.sec.gov/Archives/edgar/data/1873835/000149315223013537/formdef-14a.htm,1873835,"He has also held visiting positions at UC Irvine, National Taiwan Chengchi University, Kyoto University and Tsinghua University."
Buchan,https://www.sec.gov/Archives/edgar/data/1873835/000149315223013537/formdef-14a.htm,1873835,"She is a Trustee of Reed College, Portland, Oregonand University of California Irvine Foundation."
Anderson,https://www.sec.gov/Archives/edgar/data/1873835/000149315224017060/formdef14a.htm,1873835,"He has also held visiting positions at UC Irvine,National Taiwan Chengchi University, Kyoto University and Tsinghua University."
Sentovich,https://www.sec.gov/Archives/edgar/data/1394056/000095017023013271/oss-2022-def14a.htm,1394056,"Ms. Sentovich obtained her MBA from The Paul Merage School of Business, University of California, Irvine, and her B.A. in Philosophy and Political Science with a Minor in Economics from Bryn Mawr College."
Messinger,https://www.sec.gov/Archives/edgar/data/1394056/000095017023013271/oss-2022-def14a.htm,1394056,"Ms. Messinger obtained her master of business administration degree from the Paul Merage School of Business at the University of California, Irvine and bachelor of science in Computer Engineering from the University of California, San Diego.  "
Messinger,https://www.sec.gov/Archives/edgar/data/1394056/000095017024044398/copy_of_oss-2024-def14a.htm,1394056,"Ms. Messinger obtained her Master of Business Administration degree from the Paul Merage School of Business at the University of California, Irvine and bachelor of science in Computer Engineering from the University of California, San Diego."
Yakatan,https://www.sec.gov/Archives/edgar/data/1374328/000143774923018969/ftlf20230628_def14a.htm,1374328,"Mr. Yakatan holds an M.B.A. in Finance from the University of California, Irvine, and a Bachelor of Arts in History and Public Affairs from the University of Denver."
Kurtz,https://www.sec.gov/Archives/edgar/data/1111485/000095017023013694/2023_def14a_12312022.htm,1111485,"Dr. Kurtz has served on the faculty of both the University of California, Irvine, and the University of Michigan."
Thunen,https://www.sec.gov/Archives/edgar/data/1111485/000095017023013694/2023_def14a_12312022.htm,1111485,"Ms. Thunen received a B.A. in economics and an M.B.A. from the University of California, Irvine."
Kurtz,https://www.sec.gov/Archives/edgar/data/1111485/000095017024048381/2024_def14a_12312023.htm,1111485,"Dr. Kurtz has served on the faculty of both the University of California, Irvine, and the University of Michigan."
Thunen,https://www.sec.gov/Archives/edgar/data/1111485/000095017024048381/2024_def14a_12312023.htm,1111485,"Ms. Thunen received a B.A. in economics and an M.B.A. from the University of California, Irvine."
,https://www.sec.gov/Archives/edgar/data/1625941/000110465923045101/tm232118-1_def14a.htm,1625941,
,https://www.sec.gov/Archives/edgar/data/1625941/000110465924045865/tm242859-1_def14a.htm,1625941,
Bailey,https://www.sec.gov/Archives/edgar/data/876343/000095017024049935/lctx_proxy_2024.htm,876343,Mr. Bailey is a founding board member of the University of California Irvine’s (UCI) Applied Innovation Institute.
Bailey,https://www.sec.gov/Archives/edgar/data/876343/000149315223025680/formdef14a.htm,876343,Mr. Bailey is a founding board member of the University of California Irvine’s (UCI)Applied Innovation Institute.
Theuer,https://www.sec.gov/Archives/edgar/data/1394319/000156459023003320/tcon-def14a_20230419.htm,1394319,"Dr. Theuer received a B.S. from the Massachusetts Institute of Technology, an M.D. from the University of California, San Francisco, and a Ph.D. from the University of California, Irvine."
Bradford,https://www.sec.gov/Archives/edgar/data/1462120/000146212023000026/lob-20230328.htm,1462120,"Dr. Bradford is an associate professor of marketing at the University of California, Irvine where she conducts research regarding rituals, communities and identity across phenomenon including gifting (e.g., registry, organ, charitable), relationships with money, communities (e.g., tailgating and support), acculturation, and brand loyalty."
Bradford,https://www.sec.gov/Archives/edgar/data/1462120/000146212024000028/lob-20240405.htm,1462120,"Dr. Bradford is an associate professor of marketing at the University of California, Irvine where she conducts research regarding rituals, communities and identity across phenomenon including gifting (e.g., registry, organ, charitable), relationships with money, communities (e.g., tailgating and support), acculturation, and brand loyalty."
William Lyon Homes,https://www.sec.gov/Archives/edgar/data/1574197/000157419724000056/fph-20240412.htm,1574197,"Mr. Hunt currently serves on the boards of Glenair Corporation, Psomas and University of California, Irvine Foundation and is the former Chairman of CT Realty, and he formerly served as lead independent director at William Lyon Homes and on the board of Taylor Morrison Home Corporation."
Haddad,https://www.sec.gov/Archives/edgar/data/1574197/000157419723000047/fph-20230428.htm,1574197,"Mr. Haddad formerly served on the Board of Trustees at the University of California, Irvine Foundation and Claremont Graduate University, as well as the boards of directors of PBS (Public Broadcasting System)"
Levra,https://www.sec.gov/Archives/edgar/data/751365/000162828023016724/virc-20230509.htm,751365,"Mr. Levra received a bachelor’s and MBA degree from the University of Kansas, and a Certificate in Public Company Governance from the University of California, Irvine."
Farid,https://www.sec.gov/Archives/edgar/data/1479419/000155837023003570/tmb-20230424xdef14a.htm,1479419,"Dr. Farid is also the founder of the Severe Ocular Surface Disease Center at the University of California Irvine, where she performs limbal stem cell transplants, as well as artificial corneal transplantation, for the treatment of patients with severe ocular surface disease."
Farid,https://www.sec.gov/Archives/edgar/data/1479419/000155837024006097/tmb-20240611xdef14a.htm,1479419,"Dr. Farid is also the founder of the Severe Ocular Surface Disease Center at the University of California Irvine, where she performs limbal stem cell transplants, as well as artificial corneal transplantation, for the treatment of patients with severe ocular surface disease."
Farid,https://www.sec.gov/Archives/edgar/data/1479419/000155837023009370/tmb-20230622xdef14a.htm,1479419,"Dr. Farid is also the founder of the Severe Ocular Surface Disease 10Table of ContentsCenter at the University of California Irvine, where she performs limbal stem cell transplants, as well as artificial corneal transplantation, for the treatment of patients with severe ocular surface disease."
Mimi’s,https://www.sec.gov/Archives/edgar/data/1606366/000160636623000012/loco-20230606xdef14a.htm,1606366,"He holds an undergraduate degree in economics and an MBA from the University of California, Irvine."
Mimi’s,https://www.sec.gov/Archives/edgar/data/1606366/000160636624000020/loco-20240528xdef14a.htm,1606366,"He holds an undergraduate degree in economics and an MBA from the University of California, Irvine."
Thomas House,https://www.sec.gov/Archives/edgar/data/1466085/000146608523000058/irt-20230321.htm,1466085,"Key Attributes, Experiences and Skills: Ms. del Rio was selected to serve on our Board primarily because of her extensive experience and prior service in the real estate industry and legal compliance at University of California, Irvine, School of Law and serves as president of the Board of Directors of Thomas House on the Board of Directors of Project Access, a nonprofit organization servicing the homeless and low-income in the community. "
del Rio,https://www.sec.gov/Archives/edgar/data/1466085/000146608524000043/irt-20240320.htm,1466085,"Key Attributes, Experiences and Skills: Ms. del Rio was selected to serve on our Board primarily because of her extensive experience and prior service in the real estate industry and legal compliance at University of California, Irvine, School of Law and serves as president of the Board of Directors of Thomas House, a nonprofit organization servicing the homeless and low-income in the community. "
a Bachelor of Science,https://www.sec.gov/Archives/edgar/data/1661458/000166145823000015/def14a2022proxy-2023.htm,1661458,"Mr. Shekell holds a Master of Business Administration from the University of California, Irvine, where he graduated first in his class, and a Bachelor of Science from Ball State University, where he majored in Accounting."
a Bachelor of Science,https://www.sec.gov/Archives/edgar/data/1661458/000166145824000007/def14aproxy-2024.htm,1661458,"Mr. Shekell holds a Master of Business Administration from the University of California, Irvine, where he graduated first in his class, and a Bachelor of Science from Ball State University, where he majored in Accounting."
Sood,https://www.sec.gov/Archives/edgar/data/1646188/000101376223000641/def14a0923_ondashold.htm,1646188,"Ms. Sood holds an MBA with an emphasis in Technology Management from Pepperdine University and a bachelor’s degree in Economics from the University of California, Irvine."
Emerita,https://www.sec.gov/Archives/edgar/data/885709/000119312523236182/d524040ddef14a.htm,885709,"Dean, The Paul Merage School of Business, University of California IrvineAll (20)NonePublished research — finance & economicsBoard service for charitable/ educational/nonprofit organizationsPh."
McRae,https://www.sec.gov/Archives/edgar/data/1736946/000114036124022448/ny20016146x1_def14a.htm,1736946,"He previously served on the board of directors of Dedicated Hosting Services, Inc., UC Irvine Institute for Innovation and the Leatherby Center for Entrepreneurship and Business Ethics at the Business School of Chapman University.  "
McRae,https://www.sec.gov/Archives/edgar/data/1736946/000114036123021525/ny20008176x1_def14a.htm,1736946,"He previously served on the board of directors of Dedicated Hosting Services, Inc., UC Irvine Institute for Innovation and the Leatherby Center for Entrepreneurship and Business Ethics at the Business School of Chapman University. "
Richard B. Aguilar,https://www.sec.gov/Archives/edgar/data/1800682/000119312523149583/d458332ddef14a.htm,1800682,"Dr. Aguilar received his medical degree at the University of California, Irvine College of Medicine and completed his internship and residency in Internal Medicine at UC Irvine Medical Center and Long Beach Veterans Administration Medical Center.  "
Kessler,https://www.sec.gov/Archives/edgar/data/1574540/000157454023000113/doc-20230323.htm,1574540,Ms. Kessler is a founding member of the Women of the Dean’s Leadership Society at the UC Irvine School of Social Sciences.
Kenneth Gaglione,https://www.sec.gov/Archives/edgar/data/925528/000110465923050402/tm232002d2_def14a.htm,925528,"Mr. Gaglione received a B.S. in Chemistry from the State University of New York and an MBA in Marketing from the University of California, Irvine."
Young,https://www.sec.gov/Archives/edgar/data/1503707/000150370723000012/nshi-20230420.htm,1503707,Mr. Young holds a Bachelor of Arts degree in Business Administration from the University of Southern California and a Masters of Business Administration from the University of California Irvine.
Young,https://www.sec.gov/Archives/edgar/data/1503707/000150370724000014/nshi-20240415.htm,1503707,Mr. Young holds a Bachelor of Arts degree in Business Administration from the University of Southern California and a Masters of Business Administration from the University of California Irvine.
Margolin,https://www.sec.gov/Archives/edgar/data/1742927/000143774923027676/rvph20230927_def14a.htm,1742927,"Dr. Margolin earned his AB from Harvard College and his MD from the University of California, Irvine and received research training at the National Institutes of Health."
Sam ParkMr,https://www.sec.gov/Archives/edgar/data/1531177/000114036123020618/ny20007999x1_def14a.htm,1531177,"Mr. Park holds a B.S. in Mechanical Engineering from the University of California, Irvine."
Guidant,https://www.sec.gov/Archives/edgar/data/1531177/000114036124022158/ny20024323x1_def14a.htm,1531177,"Mr. Park holds a B.S. in Mechanical Engineering from the University of California, Irvine."
Lacob,https://www.sec.gov/Archives/edgar/data/1528287/000114036124021062/ny20023787x1_def14a.htm,1528287,"Mr. Lacob earned a B.S. from the University of California, Irvine, an M.P.H. from the University of California, Los Angeles, and an M.B.A from the Stanford Graduate School of Business."
Lacob,https://www.sec.gov/Archives/edgar/data/1528287/000114036123020294/ny20007017x1_def14a.htm,1528287,"Mr. Lacob earned a B.S. from the University of California, Irvine, an M.P.H. from the University of California, Los Angeles, and an M.B.A from the Stanford Graduate School of Business."
Velarde,https://www.sec.gov/Archives/edgar/data/1850906/000095017023012699/omic_14a_proxy_april_202.htm,1850906,"Mr. Velarde holds a B.S. in Molecular Biology and a minor in Chemistry from Loyola University, New Orleans and an M.B.A. from the University of California Irvine—Paul Merage School of Business."
Velarde,https://www.sec.gov/Archives/edgar/data/1850906/000095017024045597/omic_def_14a_proxy_2024.htm,1850906,"Mr. Velarde holds a B.S. in Molecular Biology and a minor in Chemistry from Loyola University, New Orleans, and an M.B.A. from the University of California, Irvine—Paul Merage School of Business."
Jenusaitis,https://www.sec.gov/Archives/edgar/data/1661053/000149315223039303/formdef14a.htm,1661053,"Mr. Jenusaitis has an MBA from the University of California, Irvine, aMasters Degree in Biomedical Engineering from Arizona State University, and a Bachelors Degree in Chemical Engineering from Cornell University."
Dutia,https://www.sec.gov/Archives/edgar/data/1506251/000121390024006971/ea192072-def14a_citiuspharma.htm,1506251,"He has served as a member of the advisory board of Center for DigitalTransformation, University of California, Irvine since May 2012."
her Juris Doctorate,https://www.sec.gov/Archives/edgar/data/1795815/000179581523000006/bcal2023proxystatement.htm,1795815,"Ms. Merchant received her bachelor’s degree in Criminology, Law, and Society from the University of California, Irvine, and both her Juris Doctorate and master’s in Business Administration degree from the University of Connecticut.  "
her Juris Doctorate,https://www.sec.gov/Archives/edgar/data/1795815/000179581524000004/bcal2024proxystatement.htm,1795815,"Ms. Merchant received her bachelor’s degree in Criminology, Law, and Society from the University of California, Irvine, and both her Juris Doctorate and Master’s in Business Administration degree from the University of Connecticut.  "
Keller,https://www.sec.gov/Archives/edgar/data/1413837/000110465924048756/tm247956d2_def14a.htm,1413837,Mr. Keller served as a Trustee of the University of California Irvine (“UCI”) for 15 years.
Gupta,https://www.sec.gov/Archives/edgar/data/1766140/000121390024036716/ea0204514-def14a_unicyc.htm,1766140,"Dr. Gupta previously servedon the board of directors of the Beall Center for Innovation and Entrepreneurship at the University of California Irvine, Paul MerageSchool of Business."
Gupta,https://www.sec.gov/Archives/edgar/data/1766140/000121390023033853/ea177593-def14a_unicycive.htm,1766140,"Dr. Gupta previouslyserved on the board of directors of the Beall Center for Innovation and Entrepreneurship at the University of California Irvine, PaulMerage School of Business."
Afshin MohebbiAge,https://www.sec.gov/Archives/edgar/data/1297996/000130817923000815/ldlr2023_def14a.htm,1297996,"Afshin MohebbiAge 60Director since: 2016Committees:•   Audit(Chair)Skills and Expertise:•   Finance•   Telecommunications•   Technology•   InternationalEducation:•   BS –UC Irvine•   MBA –UC IrvineQualifications:Our Board selected Mr. Mohebbi to serve as a director becauseit believes he possesses valuable financial and industry experience in the telecommunications industry, including extensive experienceworking with and leading companies in the telecommunications industry."
Afshin MohebbiAge,https://www.sec.gov/Archives/edgar/data/1297996/000130817924000607/ldlr2024_def14a.htm,1297996,"Afshin MohebbiAge: 61Director since: 2016Committees:•   AuditCommittee (Chair)•   CompensationCommitteeSkills and Expertise:•   Finance•   Telecommunications•   Technology•   InternationalEducation:•   BS- UC Irvine•   MBA- UC IrvineQualifications:Our Board selected Mr. Mohebbi to serve as a director because itbelieves he possesses valuable financial and industry experience in the telecommunications industry, including extensiveexperience working with and leading companies in the telecommunications industry."
,https://www.sec.gov/Archives/edgar/data/1282631/000155837023011644/nlst-20230816xdef14a.htm,1282631,
,https://www.sec.gov/Archives/edgar/data/1327978/000110465923045091/tm232126-1_def14a.htm,1327978,
,https://www.sec.gov/Archives/edgar/data/1327978/000110465924045861/tm2411296-1_def14a.htm,1327978,
Aynechi,https://www.sec.gov/Archives/edgar/data/1683553/000095017024042270/sprb-def14a-2024.htm,1683553,"She received her B.S. in physics from the University of California, Irvine."
Aynechi,https://www.sec.gov/Archives/edgar/data/1683553/000095017023011910/sprb-def14a-2023.htm,1683553,"She received her B.S. in physics from the University of California, Irvine."
Yerxa,https://www.sec.gov/Archives/edgar/data/1539029/000119312523124528/d400098ddef14a.htm,1539029,"Dr. Yerxa received a B.A. in chemistry from the University of California, San Diego and a Ph.D. in organic chemistry from the University of California, Irvine."
Yerxa,https://www.sec.gov/Archives/edgar/data/1539029/000119312524118177/d765074ddef14a.htm,1539029,"Dr. Yerxa received a B.A. in chemistry from the University of California, San Diego and a Ph.D. in organic chemistry from the University of California, Irvine."
Nguyen,https://www.sec.gov/Archives/edgar/data/1834494/000183449423000046/a2023proxystatement.htm,1834494,"Mr. Nguyen holds a B.S. in computer science from the University of California, Irvine."
Nguyen,https://www.sec.gov/Archives/edgar/data/1834494/000183449424000070/a2024proxystatement.htm,1834494,"Mr. Nguyen holds a B.S. in computer science from the University of California, Irvine."
Podnos,https://www.sec.gov/Archives/edgar/data/1799191/000119312523127373/d467988ddef14a.htm,1799191,"Dr. Podnos received his MD from the University of California, Irvine School of Medicine, where he also completed his residency in general surgery."
Podnos,https://www.sec.gov/Archives/edgar/data/1799191/000119312524129457/d783552ddef14a.htm,1799191,"Dr. Podnos received his MD from the University of California, Irvine School of Medicine, where he also completed his residency in general surgery."
Whitfield,https://www.sec.gov/Archives/edgar/data/1819790/000181979024000056/tarsuspharmaceuticalsincpr.htm,1819790,"Ms. Whitfield earned her Bachelor of Arts degree in Psychology and Social Behavior from the University of California, Irvine and a Master’s degree in Social Work from California State University, Long Beach."
Whitfield,https://www.sec.gov/Archives/edgar/data/1819790/000181979023000014/tarsuspharmaceuticalsincpr.htm,1819790,"Ms. Whitfield earned her Bachelor of Arts degree in Psychology and Social Behavior from the University of California, Irvine and a Master’s degree in Social Work from California State University, Long Beach."
Robin,https://www.sec.gov/Archives/edgar/data/906709/000114036124022440/ny20022201x1_def14a.htm,906709,"Mr. Ajer received both a B.S. in chemistry and an M.B.A. from the University of California, Irvine."
,https://www.sec.gov/Archives/edgar/data/906709/000114036123021580/ny20008281x1_def14a.htm,906709,
Claremont McKenna,https://www.sec.gov/Archives/edgar/data/1028918/000110465923043286/tm233450d3_def14a.htm,1028918,"Aames Investment/Financial Corp​•Served in various capacities with KeyCorp, a $60 billion financial institution, including the following:​➢Executive Vice President Group Finance, KeyCorp​➢Executive Vice President, Treasurer and Chief Financial Officer, KeyBank USA​➢Vice President of Corporate Treasury, KeyBank USA​•Various financial and accounting roles at HSBC-Marine Midland Banks​​24TABLE OF CONTENTSMichael S. Karr​​​​Age: 54Year of Hire: 2006Senior Executive Vice President and Chief Risk Officer of the BankB.A., cum laude, Claremont McKenna CollegeM.B.A., University of California, Irvine​​Mr. "
Claremont McKenna,https://www.sec.gov/Archives/edgar/data/1028918/000110465924041879/tm242894-d4_def14a.htm,1028918,"Aames Investment/Financial Corp​•Served in various capacities with KeyCorp, a $60 billion financial institution, including the following:​➢Executive Vice President Group Finance, KeyCorp​➢Executive Vice President, Treasurer and Chief Financial Officer, KeyBank USA​➢Vice President of Corporate Treasury, KeyBank USA​•Various financial and accounting roles at HSBC-Marine Midland Banks​​27TABLE OF CONTENTSMichael S. Karr​​​​Age: 55Year of Hire: 2006Senior Executive Vice President and Chief Risk Officer of the BankB.A., cum laude, Claremont McKenna CollegeM.B.A., University of California, Irvine​​Mr. "
,https://www.sec.gov/Archives/edgar/data/1510295/000151029524000033/compressedfinal_printxvers.pdf,1510295,
Public Policy,https://www.sec.gov/Archives/edgar/data/1510295/000151029524000033/mpc-20240313.htm,1510295,"Other Public Company Directorships (within past five years): NoneEducation: B.S., Mechanical Engineering, University of California, Irvine; M.B.A., University of California, Irvine; Advanced Management Program, University of PennsylvaniaOther Professional Experience and Community Involvement: Director, Saudi Electricity Company (2018-2020)Member, Board of Directors for the International Youth FoundationJonathan Z. CohenCLASS"
Public Policy,https://www.sec.gov/Archives/edgar/data/1510295/000151029523000028/mpc-20230313.htm,1510295,"Other Public Company Directorships (within past five years): NoneEducation: B.S., Mechanical Engineering, University of California, Irvine; M.B.A., University of California, Irvine; Advanced Management Program, University of PennsylvaniaOther Professional Experience and Community Involvement: Director, Saudi Electricity Company (2018-2020)Member, Board of Directors for the International Youth FoundationJonathan Z. CohenCLASS"
Aslam,https://www.sec.gov/Archives/edgar/data/802481/000080248124000024/ppc-20240401.htm,802481,"Ms. Aslam completed her M.B.A. with a focus on Finance from Columbia Business School in 1996 and obtained her B.A. in Economics from University of California, Irvine in 1991."
Aslam,https://www.sec.gov/Archives/edgar/data/802481/000080248123000026/ppc-20230327.htm,802481,"Ms. Aslam completed her M.B.A. with a focus on Finance from Columbia Business School in 1996 and obtained her B.A. in Economics from University of California, Irvine in 1991."
James Malone,https://www.sec.gov/Archives/edgar/data/1866633/000114036124022428/ny20022614x1_def14a.htm,1866633,"Ms. Aubee holds a Bachelor of Science in Clinical Psychology from the University of California, San Diego and a Juris Doctor from the University of California, Irvine School of Law."
Szekeres,https://www.sec.gov/Archives/edgar/data/1824293/000182429323000130/a2023proxystatement.htm,1824293,"Mr. Szekeres received his undergraduate degree in criminology, law and society from the University of California, Irvine and his J.D. from Duke University School of Law."
Henry,https://www.sec.gov/Archives/edgar/data/1830214/000162828024018970/dna-20240429.htm,1830214,"Mr. Henry holds a B.A. in biochemistry and cell biology from the University of California, San Diego and an M.B.A., with a concentration in finance, from the University of California, Irvine. "
Henry,https://www.sec.gov/Archives/edgar/data/1830214/000095017023015942/dna-20230428.htm,1830214,"Mr. Henry holds a B.A. in biochemistry and cell biology from the University of California, San Diego and an M.B.A., with a concentration in finance, from the University of California, Irvine."
Farsaireceived,https://www.sec.gov/Archives/edgar/data/1039280/000149315224015407/formdef14a.htm,1039280,"Ms. Farsaireceived her B.A. degree from University of California, Irvine, and her J.D. in 1996, and has been a member of the California State Barsince 1996."
Farsai,https://www.sec.gov/Archives/edgar/data/1039280/000149315223012508/formdef14a.htm,1039280,"Ms. Farsai received her B.A. degree from University of California, Irvine and her J.D. in 1996, and has been a member of the California State Bar since 1996."
Barnett,https://www.sec.gov/Archives/edgar/data/1831915/000114036123021528/ny20007889x1_def14a.htm,1831915,"Ms. Barnett holds a B.A. in Political Science from the University of California, Irvine and a J.D. from Cornell Law School."
Barnett,https://www.sec.gov/Archives/edgar/data/1831915/000114036124022063/ny20021894x1_def14a.htm,1831915,"Ms. Barnett holds a B.A. in Political Science from the University of California, Irvine and a J.D. from Cornell Law School."
Mussallem,https://www.sec.gov/Archives/edgar/data/1099800/000109980023000013/ew-20230327.htm,1099800,"70Director Since:    2000Edwards Board Role: • Chairman of the BoardSelect Professional Experience and Highlights: • Edwards Lifesciences Corporation– Chairman and Chief Executive Officer, since 2000• Baxter International Inc.– Group Vice President, Cardiovascular businesses, from 1994 to 2000– Group Vice President, Biopharmaceutical business, from 1998 to 2000 – Held a variety of positions with increasing responsibility in engineering and product development, from 1979 to 1994• Advanced Medical Technology Association (AdvaMed)– Member of the Board, since 2001– Member of the Executive Committee, since 2006– Chairman, from 2008 to 2010• University of California, Irvine Foundation– Member of the Board of Trustees, since 2008• Leonard D. Schaeffer Center for Health Policy & Economics at the University of Southern California– Advisory Member of the Board, since 2014• Rose-Hulman Institute of Technology– Member of the Board of Trustees, since 2017• CEO Leadership Alliance– Vice Chairman, since 2017• Elected as a member of the National Academy of Engineering, 2022*    As previously disclosed, Mr. Mussallem will retire from his position as Chief Executive Officer of the Company at the Annual Meeting.•  Forum for Corporate Directors Hall of Fame•  University of California Irvine Medal Award•  The Phoenix Conference Lifetime Achievement Award•  WomenHeart Excellence in Corporate Leadership Wenger AwardSelect Skills and Qualifications:Mr. Mussallem has extensive knowledge of, and deep expertise in, the medical technology industry, and of the people, operations, processes and products of the Company in particular."
Bergheim,https://www.sec.gov/Archives/edgar/data/1407973/000119312523124390/d403373ddef14a.htm,1407973,"Mr. Bergheim received a B.S. in mechanical engineering from the University of California, Irvine, and an M.S. in mechanical engineering from the California Institute of Technology."
Bergheim,https://www.sec.gov/Archives/edgar/data/1407973/000119312524122211/d550005ddef14a.htm,1407973,"Mr. Bergheim received a B.S. in mechanical engineering from the University of California, Irvine, and an M.S. in mechanical engineering from the California Institute of Technology."
Thunen,https://www.sec.gov/Archives/edgar/data/1837607/000183760724000042/aeon-20240614xdef14a.htm,1837607,"Ms. Thunen received a B.A. in economics and an M.B.A. from the University of California, Irvine."
Eusey,https://www.sec.gov/Archives/edgar/data/1169770/000116977023000031/banc-20230330.htm,1169770,"Ms. Eusey is a graduate of University of California, Irvine where she played Division I volleyball."
Eusey,https://www.sec.gov/Archives/edgar/data/1169770/000116977024000019/banc-20240328.htm,1169770,"Ms. Eusey is a graduate of University of California, Irvine where she played Division I volleyball."
Sarah Luna,https://www.sec.gov/Archives/edgar/data/1802156/000114036124020435/ny20022055x1_def14a.htm,1802156,"Ms. Luna holds a B.F.A. in Performance Dance and Biological Sciences from University of California, Irvine and an M.B.A. from Chapman University, The George L. Argyros School of Business and Economics, where she was recognized with Beta Gamma Sigma Honors."
Sarah Luna,https://www.sec.gov/Archives/edgar/data/1802156/000114036123015111/ny20007538x1_def14a.htm,1802156,"Ms. Luna holds a B.F.A. in Performance Dance and Biological Sciences from University of California, Irvine and an M.B.A. from Chapman University, The George L. Argyros School of Business and Economics, where she wasrecognized with Beta Gamma Sigma Honors."
Davis,https://www.sec.gov/Archives/edgar/data/1532346/000110465923051404/tm231978-3_def14a.htm,1532346,"Mr. Atwood holds a B.S. in biological sciences from the University of California, Irvine, a M.S. in ecology from the University of California, Davis, and an M.B.A. from Harvard Business School."
Bednarski,https://www.sec.gov/Archives/edgar/data/1494650/000149465024000047/optnprelimproxy20233.htm,1494650,"Dr. Bednarski has a B.S. in Neural Science from Brown University and a Ph.D. in Biological Science from the University of California, Irvine."
Bednarski,https://www.sec.gov/Archives/edgar/data/1494650/000149465023000040/optnfinalproxy2023.htm,1494650,"Dr. Bednarski has a B.S. in Neural Science from Brown University and a Ph.D. in Biological Science from the University of California, Irvine."
Schneider,https://www.sec.gov/Archives/edgar/data/1816431/000114036123014533/ny20007250x4_def14a.htm,1816431,"Dr. Schneider received his Ph.D. in biology from University of California, Irvine, and his B.S. in microbiology from Northern Arizona University."
Knot,https://www.sec.gov/Archives/edgar/data/1803901/000114036123042235/ny20007727x3_def14a.htm,1803901,"Dr. Choudhary holds a M.D. from the Saba University School of Medicine, an M.A. from Loyola Marymount University, and a B.S. and B.A. from the University of California, Irvine."
Milligan,https://www.sec.gov/Archives/edgar/data/1728117/000172811723000040/goss-20230427.htm,1728117,"Dr. Milligan received a B.S. in Biology and a B.A. in Psychology from the University of California, Irvine."
Milligan,https://www.sec.gov/Archives/edgar/data/1728117/000172811724000044/goss-20240422.htm,1728117,"Dr. Milligan received a B.S. in Biology and a B.A. in Psychology from the University of California, Irvine."
Sidelines,https://www.sec.gov/Archives/edgar/data/30305/000130817924000122/ldco2024_def14a.htm,30305,"In partnership with the Los Angeles Chargersof the National Football League and the University of California, Irvine, Ducommun established and sponsors STEM on the Sidelines™,a regional competition promoting STEM education in Los Angeles and Orange County, California high schools, which is now in itssixth year."
Sidelines,https://www.sec.gov/Archives/edgar/data/30305/000130817923000164/ldco2023_def14a.htm,30305,"In partnership with the Los AngelesChargers of the National Football League and the University of California, Irvine, Ducommun established and sponsors STEMon the Sidelines™, a regional competition promoting STEM education in Los Angeles and Orange County, Californiahigh schools."
Van Hoose,https://www.sec.gov/Archives/edgar/data/1853816/000165495423008352/drma_def14a.htm,1853816,"Ms. Van Hoose earned her B.S. in Accounting at the University of Southern California and M.B.A. in Finance at University of California, Irvine.   "
Van Hoose,https://www.sec.gov/Archives/edgar/data/1853816/000165495424003656/drma_def14a.htm,1853816,"Ms. Van Hoose earned her B.S. in Accounting at the University of Southern California and M.B.A. in Finance at University of California, Irvine.   "
Feigal,https://www.sec.gov/Archives/edgar/data/1326732/000132673224000017/xncr-20240423.htm,1326732,"Dr. Feigal received her B.S. in biology and M.S. in molecular biology and biochemistry from University of California, Irvine, her M.D. from the University of California, Davis School of Medicine, completed an internal medicine residency at Stanford University and a hematology/oncology fellowship at UCSF."
Feigal,https://www.sec.gov/Archives/edgar/data/1326732/000162828023013235/xncr-20230426.htm,1326732,"Dr. Feigal received her B.S. in biology and M.S. in molecular biology and biochemistry from University of California, Irvine, her M.D. from the University of California, Davis School of Medicine, completed an internal medicine residency at Stanford University and a hematology/oncology fellowship at UCSF."
Sperling,https://www.sec.gov/Archives/edgar/data/948708/000094870823000019/smsi2023proxy-def.htm,948708,"He received a Bachelor of Science degree in Computer Science and an M.B.A. from the University of California, Irvine.34Table of ContentsMr."
Chang,https://www.sec.gov/Archives/edgar/data/1799332/000114036123021615/ny20007587x1_def14a.htm,1799332,"Mr. Chang holds a Bachelor of Arts, Economics from the University of California, Irvine and a Masters of Accounting from the University of Southern California."
Baracchini,https://www.sec.gov/Archives/edgar/data/1711754/000121390023031675/def14a0423_inmunebioinc.htm,1711754,"He received his MBA from the University of California, Irvine, his PhD in molecular and cell biology from the University of Texas at Dallas, and his B.S. in microbiology from the University of Notre Dame."
McLoughlin,https://www.sec.gov/Archives/edgar/data/1662774/000119312523102037/d471617ddef14a.htm,1662774,"Dr. McLoughlin holds a B.S. in Chemistry from the University of California, Irvine and a Ph.D. in Chemistry from the University of California, Santa Barbara."
McLoughlin,https://www.sec.gov/Archives/edgar/data/1662774/000119312524110034/d75541ddef14a.htm,1662774,"Dr. McLoughlin holds a B.S. in Chemistry from the University of California, Irvine and a Ph.D. in Chemistry from the University of California, Santa Barbara."
Weaver,https://www.sec.gov/Archives/edgar/data/1185348/000119312524122822/d551555ddef14a.htm,1185348,"International/GlobalPublic CompanyStrategic PlanningEducation:•B.A., University of California Irvine•M.B.A., Loyola Marymount University16 PRA Group |  2024 Proxy StatementTable of ContentsDirector NomineesAge: 69  Lead Independent Director  Committees: Nominating and Corporate Governance (Chair)      Mr. Weaver serves as the Lead Independent Director and is an accomplished consumer financial services executive with nearly 40 years of experience across the consumer lending, mortgage and credit card asset classes."
Tomasi,https://www.sec.gov/Archives/edgar/data/1564824/000095017024047043/allk-def_14a-2024_proxy_.htm,1564824,"Dr. Tomasi holds a Bachelor of Science in Chemistry from the University of California, Berkeley, an M.B.A. from the Massachusetts Institute of Technology Sloan School of Management and a Ph.D. in Chemistry from the University of California, Irvine."
Tomasi,https://www.sec.gov/Archives/edgar/data/1564824/000095017023013693/allk-def_14a-2023_proxy_.htm,1564824,"Dr. Tomasi holds a B.S. in Chemistry from the University of California, Berkeley, an MBA from the Massachusetts Institute of Technology Sloan School of Management and a Ph.D. in Chemistry from the University of California, Irvine."
Counsel,https://www.sec.gov/Archives/edgar/data/1585389/000119312523099102/d481982ddef14a.htm,1585389,"Mr. Look holds a B.S. in Computer Science from the University of California, Irvine and a J.D. from the Pepperdine University School of Law."
Counsel,https://www.sec.gov/Archives/edgar/data/1585389/000119312524092849/d782316ddef14a.htm,1585389,"Mr. Look holds a B.S. in Computer Science from the University of California, Irvine and a J.D. from the Pepperdine University School of Law."
Singer,https://www.sec.gov/Archives/edgar/data/1024305/000102430523000069/coty-20230921.htm,1024305,"He received a Bachelor of Arts Humanities degree from Johns Hopkins University, a Master of Arts degree in Comparative Literature from University of California, Irvine and graduated from New York University with a Master of Science in Accounting."
Taira,https://www.sec.gov/Archives/edgar/data/1690820/000169082024000138/cvna-20240326.htm,1690820,"Mr. Taira holds a B.A. in Social Sciences from the University of California, Irvine and an M.B.A. from Georgetown University.  "
Taira,https://www.sec.gov/Archives/edgar/data/1690820/000169082023000094/cvna-20230321.htm,1690820,"Mr. Taira holds a B.A. in Social Sciences from the University of California, Irvine and an M.B.A. from Georgetown University.  "
Fullerton,https://www.sec.gov/Archives/edgar/data/1351636/000119312524122179/d762454ddef14a.htm,1351636,"Ms. Edwards holds a B.A in Business Administration,Accounting emphasis from California State University Fullerton and an M.B.A, International Business from the University of California, Irvine."
,https://www.sec.gov/Archives/edgar/data/93389/000114036124020050/ny20021076x1_def14a.htm,93389,
,https://www.sec.gov/Archives/edgar/data/93389/000114036123018860/ny20008507x1_def14a.htm,93389,
Loxam,https://www.sec.gov/Archives/edgar/data/1649094/000119312524096192/d21304ddef14a.htm,1649094,"Ms. Loxam holds an M.B.A. from the University of California, Irvine, Paul Merage School of Business, and a B.Sc. from the University of Victoria."
Loxam,https://www.sec.gov/Archives/edgar/data/1649094/000119312523123940/d266763ddef14a.htm,1649094,"Ms. Loxam holds an M.B.A. from the University of California, Irvine, Paul Merage School of Business, and a B.Sc. from the University of Victoria."
Lowell,https://www.sec.gov/Archives/edgar/data/937098/000093709824000080/tnet-20240411.htm,937098,"Mr. Lowell holds a B.S. in Accounting from the University of Maryland and an M.B.A. from the University of California, Irvine."
Lowell,https://www.sec.gov/Archives/edgar/data/937098/000093709823000103/tnet-20230413.htm,937098,"Mr. Lowell holds a B.S. in Accounting from the University of Maryland and an M.B.A. from the University of California, Irvine."
Selecky,https://www.sec.gov/Archives/edgar/data/1326110/000132611023000050/ibrx-20230427.htm,1326110,"Since 2014 she has served as a Strategic Advisor at Ceresti Health, a privately-held healthcare technology company, and has served as a lecturer in Healthcare Entrepreneurship for the M.B.A. program at the University of California, Irvine since 2017."
Christobel Selecky,https://www.sec.gov/Archives/edgar/data/1326110/000132611024000054/ibrx-20240429.htm,1326110,"Since 2014 she has served as a Strategic Advisor at Ceresti Health, a privately-held healthcare technology company, and has served as a lecturer in Healthcare Entrepreneurship for the M.B.A. program at the University of California, Irvine since 2017."
,https://www.sec.gov/Archives/edgar/data/46195/000156459023003859/boh-def14a_20230428.htm,46195,
Nichols,https://www.sec.gov/Archives/edgar/data/46195/000095017024032071/boh-20240311.htm,46195,"He has been an Advisor to Mitek, an identification technology provider, and to Bloom, a global consumer data provider.•In addition, Mr. Nichols is a past member of the Economics Leadership Council, University of California, San Diego, served on the Leadership Council for UCI Donald Bren School of Information and Computer Sciences, and served on the Dean’s Advisory Board, University of California, Irvine Merage School."
Technical Officer,https://www.sec.gov/Archives/edgar/data/1730168/000114036124009541/ny20015852x1_def14a.htm,1730168,"He is a Professor in the Electrical and Computer Engineering Department at the University of California, Los Angeles since 1985 (on leave of absence since 1995) and a Distinguished Adjunct Professor in the Electrical Engineering and Computer Science Department at the University of California, Irvine since 2003."
to2008,https://www.sec.gov/Archives/edgar/data/1730168/000114036123007640/ny20006245x500_def14a.htm,1730168,"He is a Professor in the Electrical and Computer EngineeringDepartment at the University of California, Los Angeles since 1985 (on leave of absence since 1995) and a Distinguished Adjunct Professorin the Electrical Engineering and Computer Science Department at the University of California, Irvine since 2003."
Pitta,https://www.sec.gov/Archives/edgar/data/1506307/000150630724000022/kmi-20240326.htm,1506307,"He holds a master’s degree in business administration from the University of California, Irvine, and a bachelor’s degree in engineering geology from the University of California, Los Angeles."
Rydin,https://www.sec.gov/Archives/edgar/data/1350653/000095017024049245/atec-20240426.htm,1350653,"Mr. Rydin received a B.A. degree in Social Ecology from the University of California, Irvine."
Rydin,https://www.sec.gov/Archives/edgar/data/1350653/000095017023015828/atec-20230428.htm,1350653,"Mr. Rydin received a B.A. degree in Social Ecology from the University of California, Irvine."
Henry,https://www.sec.gov/Archives/edgar/data/1299130/000110465923045011/tm2310469d4_def14a.htm,1299130,"Henry holds a B.A. in biochemistry and cell biology from the University of California, San Diego and an M.B.A., with a concentration in finance, from the University of California, Irvine."
Henry,https://www.sec.gov/Archives/edgar/data/1299130/000129913024000097/pacb-20240428.htm,1299130,"Mr. Henry holds a B.A. in biochemistry and cell biology from the University of California, San Diego and an M.B.A., with a concentration in finance, from the University of California, Irvine."
,https://www.sec.gov/Archives/edgar/data/1704711/000170471124000057/fnko-20240424.htm,1704711,
Stowell,https://www.sec.gov/Archives/edgar/data/794170/000079417023000013/tol2022def14a.htm,794170,"He is a member of the Dean’s Advisory Board at University of California, Irvine’s Merage Business School."
Stowell,https://www.sec.gov/Archives/edgar/data/794170/000079417024000006/tol-20240129.htm,794170,"He is a member of the Dean’s Advisory Board at University of California, Irvine’s Merage Business School."
,https://www.sec.gov/Archives/edgar/data/1821825/000119312523122171/d377667ddef14a1.pdf,1821825,
ContentsSandra Milligan,https://www.sec.gov/Archives/edgar/data/1821825/000119312523122171/d377667ddef14a.htm,1821825,"Dr. Milligan received a medical degree from George Washington University School of Medicine, a J.D. from the Georgetown University School of Law and bachelor of science degree in biology and a bachelor of arts degree in psychology from the University of California, Irvine."
Lin,https://www.sec.gov/Archives/edgar/data/1499422/000143774923014237/rbb20230320_def14a.htm,1499422,"Mr. Lin holds a B.S. in Economics from University of California, Irvine."
Schneider,https://www.sec.gov/Archives/edgar/data/1713683/000162828023039884/zs-20231122.htm,1713683,"Mr. Schneider holds a B.A. in political science from the University of California, Irvine."
Malek,https://www.sec.gov/Archives/edgar/data/752714/000095017023015752/mgrc-20230426.htm,752714,"Ms. Malek received her J.D. from University of San Francisco, School of Law, and her B.A. in Political Science from University of California, Irvine."
Carnahan,https://www.sec.gov/Archives/edgar/data/1464423/000119312523110599/d438821ddef14a.htm,1464423,"Mr. Carnahan holds a B.A. and an M.B.A. from the University of California, Irvine and is a CPA."
Carnahan,https://www.sec.gov/Archives/edgar/data/1464423/000119312524102959/d806506ddef14a.htm,1464423,"Mr. Carnahan holds a B.A. and an M.B.A. from the University of California, Irvine and is a CPA."
Moderna,https://www.sec.gov/Archives/edgar/data/933974/000114036123057904/ny20014789x1_def14a.htm,933974,"(2010-2022)​​Other​​•  Former Director, Decipher, Inc. (2018-2021)​​Qualifications and Expertise Provided to Our Board​​•  Life science industry veteran with deep experience in building and leadingnovel genomics-based businessesfrom conception through IPO, including public company CEO experience​​•  Extensive experience in commercial operations, sales and marketing, managedcare and technical support​​•  Significant M&A experience having overseen thesale of several companies while serving as a member of a board or executive, including Decipher Biosciences to Veracyte for $600 million, Genoptix to Novartis AG for $470 million andArena Pharmaceuticals to Pfizer for $6.7 billion​​Education​​•  BS in Biological Sciences, The University of California, Irvine​​•  PhD in Biochemistry, The University of California, Riverside​​•  Postdoctoral Research, New York University Medical Center, Departments ofDermatology and Opthalmology​AZENTA – 2023 Proxy Statement  21TABLE OF CONTENTSDIRECTOR NOMINEES​Michael Rosenblatt, MD​​​​Age: 76​​Independent Director since September 2018​​Committees​​Current:​​•  ESG​​•  Human Resources and Compensation​​Expected upon election at Annual Meeting:​​•  ESG (Chair)​​•  Human Resources and Compensation​​Experience​​•  Senior Partner, now Senior Advisor, of Flagship Pioneering, a Cambridge,Massachusetts-basedfirm that originates new biotech companies (2021 – Present)​​•  Former Chief Medical Officer of Flagship Pioneering (2016 – 2022)​​•  Contributed to Moderna’s coronavirus vaccine efforts as a member ofModerna’s Development Committee, VaccineAcceleration Committee, chairman of the Vaccine Ethics and Access Committee andas a special consultant to the CMO​​•  Former Executive Vice President and Chief Medical Officer of Merck &Co., Inc."
Juris,https://www.sec.gov/Archives/edgar/data/1805521/000114036123012378/ny20008179x1_def14a.htm,1805521,"He received his Juris Doctor degree from Southwestern Law School in Los Angeles, California and his bachelor of arts in economics and political science from the University of California, Irvine."
Roberson,https://www.sec.gov/Archives/edgar/data/1575793/000110465924052949/tm2412475-1_def14a.htm,1575793,"Mr. Roberson holds a B.A. in Social Ecology from the University of California, Irvine and a J.D. from Golden Gate University School of Law."
Roberson,https://www.sec.gov/Archives/edgar/data/1575793/000156459023006699/watt-def14a_20221231.htm,1575793,"Mr. Roberson holds a B.A. in Social Ecology from the University of California, Irvine and a J.D. from17Golden Gate University School of Law."
Huang,https://www.sec.gov/Archives/edgar/data/1070050/000168316824002325/apptech_idef14a.htm,1070050,"Ms. Huang is the Founder and CEO of Dandelion Global, LLC (2003 - present),Co-Founder/CEO of Athena Music and Wellness Therapy, Inc. (2019 - present), Member of the Board of Directors of the Alzheimer’sAssociation Orange County (2018 present), member of the Advisory Board of Directors of IntivaHealth Corporation (2018- present),member of the Advisory Board of Directors of the University of California, Irvine, Paul Merage School of Business, Beal Center of Innovationand Entrepreneurship (2020 - present), and Chairwoman of International Music and Wellness Council ( 2019 - present). "
Paul Merage Schoolof Business,https://www.sec.gov/Archives/edgar/data/1070050/000190359623000206/apcx_def14a.htm,1070050,"Ms. Huang is the Founder and CEO of Dandelion Global,LLC (2003 - present), Co-Founder/CEO of Athena Music and Wellness Therapy, Inc. (2019 - present), Member of the Board of Directorsof the Alzheimer’s Association Orange County (2018 present), member of the Advisory Board of Directors of IntivaHealthCorporation (2018- present), member of the Advisory Board of Directors of the University of California, Irvine, Paul Merage Schoolof Business, Beal Center of Innovation and Entrepreneurship (2020 - present), and Chairwoman of International Music and WellnessCouncil ( 2019 - present). "
Boyd,https://www.sec.gov/Archives/edgar/data/1069258/000106925824000026/kratosdef14a041124.htm,1069258,"Colonel Boyd holds a master’s degree in International Politics from Cambridge, a master’s degree in Strategic Cyber Operations from the Army’s Command and General Staff College, and a bachelor’s degree in Anthropology from the University of California, Irvine."
,https://www.sec.gov/Archives/edgar/data/1870404/000121390024032997/ea0203708-def14a_cerothera.htm,1870404,
MA,https://www.sec.gov/Archives/edgar/data/1418135/000119312523127023/d410624ddef14a.htm,1418135,"He received a BA degree from Johns Hopkins University, an MA degree in Comparative Literature from the University of California, Irvine and graduated from New York University with an MS in Accounting."
Robert “Bob” Singer,https://www.sec.gov/Archives/edgar/data/1418135/000119312524118204/d469486ddef14a.htm,1418135,"Mr. Singer holds a bachelor’s degree from Johns Hopkins University, a master’s degree from the University of California, Irvine, and a master’s degree in Accounting from New York University.     "
Wilkins,https://www.sec.gov/Archives/edgar/data/1906324/000190632423000020/qdel-20230405.htm,1906324,"Mr. Wilkins is also a founding director at Black Directors Health Equity Agenda (BDHEA), a Six Sigma Certified practitioner and holds corporate governance certifications from both University of California, Irvine and University of Southern California."
Wilkins,https://www.sec.gov/Archives/edgar/data/1906324/000190632424000018/qdel-20240402.htm,1906324,"He holds corporate governance certifications from both University of California, Irvine and University of Southern California."
,https://www.sec.gov/Archives/edgar/data/1671933/000167193323000016/ttd-20230412.htm,1671933,
,https://www.sec.gov/Archives/edgar/data/1671933/000167193324000037/ttd-20240412.htm,1671933,
,https://www.sec.gov/Archives/edgar/data/1389050/000114036123011838/ny20006387x1_def14a.htm,1389050,
,https://www.sec.gov/Archives/edgar/data/1389050/000114036124012859/ny20012025x1_def14a.htm,1389050,
,https://www.sec.gov/Archives/edgar/data/1779474/000114036123020964/ny20008139x1_def14a.htm,1779474,
,https://www.sec.gov/Archives/edgar/data/766829/000076682924000043/sjw-20240426.htm,766829,
Sandoval,https://www.sec.gov/Archives/edgar/data/1566044/000110465923117180/tm2330482-1_def14a.htm,1566044,"She holds an MBA from Pepperdine University and a B.S. in biology from the University of California, Irvine."
,https://www.sec.gov/Archives/edgar/data/1792580/000119312524073766/d581659ddef14a.htm,1792580,
,https://www.sec.gov/Archives/edgar/data/1792580/000119312523077854/d386177ddef14a.htm,1792580,
Mitchell W. Pratt,https://www.sec.gov/Archives/edgar/data/1368265/000110465923041888/tm231969d2_def14a.htm,1368265,"Mr. Pratt earned a B.S. from the California State University at Northridge and an M.B.A. from the University of California, Irvine."
Kumar,https://www.sec.gov/Archives/edgar/data/899923/000089992324000022/mygn-20240417.htm,899923,"She also holds an MBA from the University of California, Irvine; Paul Merage School of Business."
Kumar,https://www.sec.gov/Archives/edgar/data/899923/000089992323000023/mygn-20230412.htm,899923,"She also holds an MBA from the University of California, Irvine; Paul Merage School of Business."
Lee,https://www.sec.gov/Archives/edgar/data/1706431/000119312523095213/d466768ddef14a.htm,1706431,"Mr. Lee received a B.A. from the University of California, Irvine and an M.B.T. from the University of Southern California.12Table of ContentsPhillip Pang, M.D., Ph.D., 48, has served as our Chief Medical Officer since December 2018, our Executive Vice President since December 2021 and our Interim Head of Research since August 2022."
Lee,https://www.sec.gov/Archives/edgar/data/1706431/000114036124020684/edge20022607x1_def14a.htm,1706431,"Mr. Lee received a B.A. from the University of California, Irvine and an M.B.T. from the University of Southern California."
,https://www.sec.gov/Archives/edgar/data/45012/000130817923000504/lhal2023_def14a.pdf,45012,
,https://www.sec.gov/Archives/edgar/data/45012/000130817924000414/lhal2024_def14a.pdf,45012,
,https://www.sec.gov/Archives/edgar/data/45012/000130817923000504/hal-20221231.htm,45012,
Al Khayyal,https://www.sec.gov/Archives/edgar/data/45012/000130817924000414/lhal2024_def14a.htm,45012,"In addition to his 33-year career at Saudi Aramco, Mr. Al Khayyal attended University of California, Irvine,where he received his Bachelor of Science degree in mechanical engineering and an MBA."
Daniel Ong,https://www.sec.gov/Archives/edgar/data/1605941/000119312523222789/d609075ddef14a.htm,1605941,"He has a bachelor’s degree in economics from the University of California, Irvine and anMBA in finance and accounting from the University of Chicago Booth School of Business."
,https://www.sec.gov/Archives/edgar/data/866706/000110465923127180/tm2324166d3_def14a.htm,866706,
,https://www.sec.gov/Archives/edgar/data/1331875/000110465923051332/tm231872d1_def14a.htm,1331875,
,https://www.sec.gov/Archives/edgar/data/1331875/000110465924052364/tm242704d5_def14a.htm,1331875,
David Petratis,https://www.sec.gov/Archives/edgar/data/1856485/000119312524087937/d510108ddef14a.htm,1856485,"Mr. Petratis has served as a member of the University of Northern Iowa Business Executive Advisory Board and various private boards and advisory groups, the University of California Irvine Graduate School of Management, the California State (Fullerton) Quality Advisory Board, Project Independence (a community agency in Costa Mesa, California, for the developmentally disabled), the National Electrical Manufacturers Association (NEMA) and the International Electrical Safety Foundation.   "
David Petratis,https://www.sec.gov/Archives/edgar/data/1856485/000119312523091198/d334746ddef14a.htm,1856485,"Mr. Petratis has served as a member of the University of Northern Iowa Business Executive Advisory Board and various private boards and advisory groups, the University of California Irvine Graduate School of Management, the California State (Fullerton) Quality Advisory Board, Project Independence (a community agency in Costa Mesa, California, for the developmentally disabled),the National Electrical Manufacturers Association (NEMA) and the International Electrical Safety Foundation.   "
Craig Eagle,https://www.sec.gov/Archives/edgar/data/1576280/000119312524113951/d630233ddef14a.htm,1576280,"Dr. Chudova holds a Ph.D. in Computer Science from the University of California, Irvine.  Craig Eagle, M.D. Dr. Eagle has served as our Chief Medical Officer since April 2021."
Szekeres,https://www.sec.gov/Archives/edgar/data/818033/000095017023016042/hrtx_def_14a_2023.htm,818033,"He received a B.A. degree from the University of California, Irvine and a J.D. degree from Duke University School of Law.  "
Leyden,https://www.sec.gov/Archives/edgar/data/780571/000114036123012718/ny20005713x1_def14a.htm,780571,"Mr. Leyden also serves on the Dean’s Advisory Board at the University of California Irvine’s Paul Merage School of Business.​​​​​​​​Qualifications: Mr. Leydenbrings to the Board a mix of financial and operational experience (in both hardware and software industries), in addition to a background that includes mergers and acquisitions and integration experience related to the assimilation ofacquired companies into both WDC and Sage Software."
Chairwoman,https://www.sec.gov/Archives/edgar/data/320335/000032033523000014/gl-20230315.htm,320335,"She is a Trustee of Reed College, Portland, Oregon and the University of California Irvine Foundation."
RADM Schweitzer’s,https://www.sec.gov/Archives/edgar/data/1651561/000110465923052070/tm231876d7_def14a.htm,1651561,"Veterans Administration•Served in varied assignments​​​Education•Board Certified Pharmacist​•Currently completing the Executive Master of Health Administration Program, the University of Southern California Sol Price School of Public Policy​•Completed an Ambulatory Care/​Administrative residency, University of California Irvine Medical Center​•Doctor of Pharmacy, the University of California San Francisco School of Pharmacy​•Bachelor of Science in Biological Sciences, California State University Fullerton​QualificationsThe Board believes that RADM Schweitzer’s extensive leadership experience in public service and expertise in pharmacy programs make her a valuable member of our Board."
Taylor,https://www.sec.gov/Archives/edgar/data/943819/000094381923000019/rmd-20231005.htm,943819,"Mr. Taylor has a Bachelor of Arts from the University of Saskatchewan and a Master of Arts from the University of California, Irvine."
Schiller,https://www.sec.gov/Archives/edgar/data/1841925/000162828023016166/a2023indiesemiconductordef.htm,1841925,"He earned a Masters of Business Administration from the University of Southern California with specialization in Entrepreneurship and Finance, and holds a Bachelor of Arts in Social Sciences with emphasis in Economics and Political Science from the University of California, Irvine."
Schiller,https://www.sec.gov/Archives/edgar/data/1841925/000162828024018185/indi-20240425.htm,1841925,"He earned a Masters of Business Administration from the University of Southern California with specialization in Entrepreneurship and Finance, and holds a Bachelor of Arts in Social Sciences with emphasis in Economics and Political Science from the University of California, Irvine."
Loxam,https://www.sec.gov/Archives/edgar/data/1816590/000181659024000070/cmps-schedule14adefinitive.htm,1816590,"Ms. Loxam holds an M.B.A. from the University of California, Irvine, Paul Merage School of Business, and a B.Sc. from the University of Victoria."
Susan Doniz,https://www.sec.gov/Archives/edgar/data/1041061/000119312524088443/d607499ddef14a.htm,1041061,"Ms. Doniz is a current adviser to the Center of Digital Transformation at the University of California, Irvine, Paul Merage School of Business."
Gerace,https://www.sec.gov/Archives/edgar/data/1401708/000140170823000096/nstg-20230427.htm,1401708,"He currently serves on the boards of directors for the Iacocca Family Foundation, The UC Irvine Foundation, and University Lab Partners."
Robichaud,https://www.sec.gov/Archives/edgar/data/1597553/000119312523122119/d265889ddef14a.htm,1597553,"Dr. Robichaud earned a B.S. in chemistry from Rensselaer Polytechnic Institute, a Ph.D. in organic chemistry from the University of California, Irvine and was an American Chemical Society postdoctoral fellow at Colorado State University.77Table of ContentsLaura Gault, M.D., Ph.D. Dr. Gault has served as our Chief Medical Officer since October 2022."
a Juris Doctorfrom,https://www.sec.gov/Archives/edgar/data/1453593/000149315223020490/formdef14a.htm,1453593,"Mr. Beeson holds a Bachelor of Science degree from the University of California, Irvine, and a Juris Doctorfrom the University of Pennsylvania."
Fullerton,https://www.sec.gov/Archives/edgar/data/718937/000095017023014790/staa-20230426.htm,718937,"He earned a bachelor’s degree in physics from California State University, Fullerton and completed core graduate studies in biochemistry at the University of California, Irvine."
,https://www.sec.gov/Archives/edgar/data/1302028/000095017024049961/proxy_mntx-def14a_2024_l.htm,1302028,
,https://www.sec.gov/Archives/edgar/data/1302028/000095017023013762/mntx-def14a_2023.htm,1302028,
,https://www.sec.gov/Archives/edgar/data/860730/000119312524069180/d874659ddef14a.htm,860730,
White,https://www.sec.gov/Archives/edgar/data/1426800/000095017024045105/asmb-20240416.htm,1426800,"Nicole received a B.S. in Chemistry from the University of California, San Diego and a Ph.D. in Organic Chemistry from the University of California, Irvine."
,https://www.sec.gov/Archives/edgar/data/1706946/000130817923000771/spce_courtesy-pdf.pdf,1706946,
Colglazier,https://www.sec.gov/Archives/edgar/data/1706946/000130817923000771/spce4161051-def14a.htm,1706946,"He is currently Chairman of the CEO Roundtable for the University of California, Irvine, and a member of the Engineering Advisory Board of Rice University."
Colglazier,https://www.sec.gov/Archives/edgar/data/1706946/000130817924000617/spce4271571-def14a.htm,1706946,"He is currently Chairman of the CEO Roundtable for the University of California, Irvine."
,https://www.sec.gov/Archives/edgar/data/1706946/000130817924000617/spce_courtesy-pdf.pdf,1706946,
,https://www.sec.gov/Archives/edgar/data/1078075/000119312523196100/d501395ddef14a.htm,1078075,
Inrig,https://www.sec.gov/Archives/edgar/data/1438533/000143853324000012/tvtx-20240327.htm,1438533,"Dr. Inrig is board certified in nephrology and internal medicine and has served on the faculty at the University of California, Irvine, and as an adjunct in the Department of Medicine at the Duke University School of Medicine."
Inrig,https://www.sec.gov/Archives/edgar/data/1438533/000143853323000016/tvtx-20230413.htm,1438533,"Dr. Inrig is board certified in nephrology and internal medicine and has served on the faculty at the University of California, Irvine, and as an adjunct in the Department of Medicine at the Duke University School of Medicine."
Ajer,https://www.sec.gov/Archives/edgar/data/1048477/000104847724000058/bmrn-20240408.htm,1048477,"Mr. Ajer holds both a B.S. in Chemistry and an M.B.A. from the University of California, Irvine."
,https://www.sec.gov/Archives/edgar/data/1048477/000130817923000635/bmrn_courtesy-pdf.pdf,1048477,
Ajer,https://www.sec.gov/Archives/edgar/data/1048477/000130817923000635/bmrn4152191-def14a.htm,1048477,"Mr. Ajer received both a B.S. in chemistry and an M.B.A. from the University of California, Irvine."
,https://www.sec.gov/Archives/edgar/data/1860742/000130817923000138/blco_courtesy-pdf.pdf,1860742,
Hashad,https://www.sec.gov/Archives/edgar/data/1860742/000130817923000138/blco4122781-def14a.htm,1860742,"He previously served on the boards of Applied Genetic Technologies Corporation, a publicly traded clinical-stage biotechnology company, the Glaucoma Research Foundation and the National Alliance of Eye and Vision Research and as board adviser for the University of California Irvine Research Center."
,https://www.sec.gov/Archives/edgar/data/1860742/000130817924000628/lblco2024_def14a-courtesy.pdf,1860742,
Hashad,https://www.sec.gov/Archives/edgar/data/1860742/000130817924000628/lblco2024_def14a.htm,1860742,"He previously served on the boards of Applied Genetic Technologies Corporation, a publicly traded clinical-stage biotechnology company, the Glaucoma Research Foundation and the National Alliance of Eye and Vision Research and as board adviser for the University of California Irvine Research Center."
Mantas,https://www.sec.gov/Archives/edgar/data/875045/000119312523127639/d422936ddef14a.htm,875045,"Before joining IBM, Mr. Mantas was a Partner in PricewaterhouseCoopers Consulting, an adjunct professor at University of California Irvine – Graduate School of Management and an officer in the Air Force of Spain.  "
Mantas,https://www.sec.gov/Archives/edgar/data/875045/000119312524118313/d547371ddef14a.htm,875045,"Career Highlights   •   Global Managing Partner, IBM Global Business Services (since 2022)   •   Senior roles at IBM (2002 – 2022) including: ○  Global Managing Partner, Strategy, Innovation and Corporate Development ○  Global Managing Partner, IBM Business Consulting ○  General Manager, IBM Business Process Outsourcing ○  Managing Partner and General Manager, IBM Global Business Services Latin America ○  Senior Partner, IBM Global Business Services   •   Partner, High Technology Practice, PricewaterhouseCoopers Consulting (1997 – 2002)   •   Adjunct Professor, University of California Irvine, Graduate School of Management, Paul Merage School of Business (1997 – 2001)   •   Second Lieutenant, Air Force of Spain (1993)   "
Les,https://www.sec.gov/Archives/edgar/data/1167419/000155837024006123/riot-20240612xdef14a.htm,1167419,"Les holds a Bachelor of Science, Computer Science from the University of California, Irvine."
Henry,https://www.sec.gov/Archives/edgar/data/1631574/000119312523175031/d505907ddef14a.htm,1631574,"Mr. Henry earned his B.A. in biochemistry and cell biology from the University of California, San Diego, and his M.B.A., with a concentration in finance, from the University of California, Irvine."
Drake,https://www.sec.gov/Archives/edgar/data/318154/000119312523093947/d371686ddef14a.htm,318154,"He was Chancellor and Distinguished Professor of Ophthalmology (School of Medicine) and Education (School of Education) of the University of California, Irvine, from 2005 to 2014, and served as Vice President for Health Affairs for the University of California system from 2000 to 2005."
Drake,https://www.sec.gov/Archives/edgar/data/318154/000119312524099062/d445034ddef14a.htm,318154,"He was Chancellor and Distinguished Professor of Ophthalmology (School of Medicine) and Education (School of Education) of the University of California, Irvine, from 2005 to 2014, and served as Vice President for Health Affairs for the University of California system from 2000 to 2005."
,https://www.sec.gov/Archives/edgar/data/6176/000095017024047252/ap_def_14a_2024.htm,6176,
,https://www.sec.gov/Archives/edgar/data/6176/000095017023012799/ap_2023_proxy.htm,6176,
,https://www.sec.gov/Archives/edgar/data/1776738/000119312523257653/d562271ddef14a.htm,1776738,
,https://www.sec.gov/Archives/edgar/data/1579298/000119312523088072/d138551ddef14a.htm,1579298,
,https://www.sec.gov/Archives/edgar/data/64040/000110465924035901/tm242732d2_def14a.htm,64040,
,https://www.sec.gov/Archives/edgar/data/64040/000110465923035844/tm231918-2_def14a.htm,64040,
